"","StTotal","Perc.Industrial","Perc.Residential","Perc.Vacant","Perc.Commercial","Perc.OwnerOcc","Perc.Minority","MedianHouseholdIncome","selection","VacantLand","XCoord","YCoord"
"1",NA,-1.64583843517325,0.398102748938426,0.900467129176499,2.46946189864188,-0.582833184134289,0.197053003738491,-826.627801895141,0,-1.32548079046735,213707,737134
"2",NA,-1.86016501600697,1.28261920475602,-0.0283873066429649,2.80618907480798,-0.495095980517043,-1.12609537708619,-105.890558087794,0,-1.10739818697369,744419,496963
"3",7.64413228924674,0.41284390173398,0.354901246326735,-1.74963374859608,-0.819511122031184,-0.729904284663393,-1.16786803372695,348.739714512812,1,1.46622048317157,440150,301212
"4",NA,1.12230201681901,0.21135491613776,1.26574428057708,0.572476582253085,-1.07572103345622,-1.19421037932668,-273.029315999761,0,2.42649637177929,907965,734207
"5",67.2680404124645,1.87643519952362,2.68346514156796,0.912549291746287,0.600769944495347,1.04680583510934,1.30725570276781,1991.79191844643,2,2.32145142717227,199630,55098
"6",NA,-1.34818767937102,-0.167822475891321,-0.104298766041976,0.319215020782428,-0.667954358646552,-0.754050315115811,1524.29473934809,0,1.41378200067355,116678,599305
"7",NA,-0.575869439133076,-0.0749497358172398,1.24252137005724,1.56716098675002,0.233973720315564,0.283267433852421,-209.988229110761,0,-0.894316571922668,821215,81311
"8",4.73562729083755,0.0412441065800627,-0.0944957486497442,0.0937437027874276,-0.0233454447965312,0.177952306010328,-0.0478774500504736,-949.404372012846,1,-1.16423319889666,576245,662658
"9",NA,-1.87863844471968,1.17165099857421,1.521751841709,-1.21151348694276,-1.46011873426582,0.309502777462297,-1753.44154736697,0,-0.390927481562457,541848,757769
"10",NA,-1.38510900389585,-0.897738944444907,0.833972881059412,1.18327653059889,0.922262339546725,-0.749319886073618,-242.703171752926,0,0.523470784273907,576377,336034
"11",NA,0.121287346434588,0.572877961937722,1.48053902546084,0.171302799241111,-1.23472970741774,1.5947277768968,593.24390393644,0,-1.27608628035228,919116,828955
"12",NA,1.49720216629259,1.19189899390451,-0.120705222179724,0.809309489557198,-1.40555618918472,0.543621719834077,-894.750691067713,0,-0.0810550607529289,936599,222072
"13",NA,-0.0752646515569893,-1.50324754313069,0.319450073229817,1.81631794101654,1.03416673784729,-0.607890931626007,858.034984699027,0,-2.94669201624888,106931,830073
"14",NA,-1.66301872729879,0.106533254560906,0.533935122448011,-0.483288422287511,-0.483350201722907,-0.215055471871687,401.759142138936,0,-0.283561667409681,65649,860350
"15",8.73603363884428,-0.16287670842503,1.23347433376425,-0.916245476155684,0.511849778982178,-1.31797760283577,0.0373140832046505,-192.055790047261,1,-0.361392985646807,636176,583371
"16",12.0259118086919,0.260063005779938,-1.901757433801,-2.08558309663461,-0.30911476070053,-0.350792943158806,-1.05731207409125,-1025.94431426332,1,-0.383610527060947,820300,708994
"17",NA,1.48245788909041,0.466481032474015,0.491571582620174,-0.562886100392316,-1.44369453536047,-0.494278435014566,381.471725626376,0,0.834951442191462,563021,276497
"18",NA,0.691789448244182,-0.597839470129,0.518048891337107,2.04017982975572,0.134777842908246,0.396614189207642,-306.647016283828,0,0.403836689010778,137027,545653
"19",89.2257170024207,3.30486263885122,0.0352271828405916,0.515845537784946,1.97724783840501,2.47771145754222,1.78758779611067,1143.7292061379,2,0.659183388114614,707358,905351
"20",NA,0.338678925619853,1.45255954968454,-0.714448695135287,0.859622237191127,1.08796818701923,-0.485546480808945,-1606.39494561309,0,1.02516991772203,31282,294401
"21",NA,0.385036525614856,-0.45837365195213,0.299029429422207,0.324699923661844,1.5206837425438,0.901989696107353,-295.822572914019,0,0.196595637641521,282071,971613
"22",NA,0.125301851854125,1.25301999499509,1.12601054816129,-0.261077635519555,-1.15665798078545,-0.209249535536485,-947.628459352002,0,-0.0416233397083322,112100,658350
"23",NA,0.00565710885728551,-0.403428672805952,-0.79988818971846,-0.273091196049244,-1.28207983875908,0.948549744740014,-220.568368184239,0,0.381939491769153,872886,902101
"24",NA,-0.204673131582385,0.426036697636638,-0.0123723628213366,-0.315174752420493,-0.816131956362707,0.237123423283923,682.530309750678,0,-0.7262823397435,295461,613385
"25",NA,-0.758650019116538,0.35266327947177,0.106606489257184,0.142630818332249,-0.37344736503572,-0.938067020745983,-226.454410179475,0,0.513047263081624,112129,41587
"26",NA,-0.638435763876311,-0.581989486145284,0.550159152038799,1.0410190056945,0.516751085327535,-0.0175534142019525,-300.633908519039,0,-1.27335045244465,873525,242737
"27",NA,-1.11527773297198,-0.075112382186512,1.88583537821335,-1.30499250044767,-0.0216233779834719,-0.308127793430862,1053.17804945955,0,-0.557022868084815,401532,661231
"28",NA,-1.21048739503644,-1.32860638576015,-0.763356266147826,-0.578294242369765,1.03299365168317,0.266518371751779,-262.11846489972,0,2.12065111723335,892149,614363
"29",NA,-0.906471145972112,0.0297301272367707,-0.166321590888481,0.546598449338145,0.124170120220088,1.17161968520379,-1346.76383794586,0,1.22628115877845,133084,213231
"30",45.3400771746781,0.145397509709855,0.578508181946742,1.54066266564997,2.31850396758808,0.519390795184601,-0.103077667541867,1684.41247918458,2,-0.453012949373572,786990,710273
"31",NA,-1.11695026093401,0.0214597423115108,-0.68885299423052,-0.54720852918756,0.310160923428078,0.606877241176151,60.5931355691504,0,-0.196263157159456,974444,415830
"32",49.6773817453105,0.912076200939808,2.20480323352001,1.45346104091688,1.37927850215118,0.36998110309663,1.3903009791681,1438.91366130004,2,-1.69251539735742,965428,145676
"33",17.0315081106226,1.33291086057477,-0.742256600387803,0.0364834070026109,-0.920088908713464,-1.21395816941937,-1.16923900983347,-301.834497606356,2,-0.438147782268816,498514,955231
"34",56.2204874702453,0.0410931160136097,0.423925561604174,2.31846601112692,0.80361034412902,0.837860313609277,0.897944978026643,2571.2982295732,2,-2.39520355553334,534453,132015
"35",NA,-0.532314950638279,0.871815033611886,2.08916846018257,-1.34142764470678,0.653133653323805,0.520022980345016,683.812103370279,0,1.2741409558508,703839,605555
"36",NA,0.997984157832075,-2.54201719561628,0.902114652950739,0.50566767811967,0.162213532333222,1.81889232399755,-1610.48259484616,0,-1.3529607355374,159545,881924
"37",NA,-0.125333550690464,0.503897992974802,-0.208688003415369,1.41120315063011,0.171787615158469,-0.391853601647047,-202.601434953712,0,-1.24956715557807,715822,295413
"38",NA,-0.248738339646066,0.416852431633859,-0.298909735946593,-0.610776183245398,1.03457824669855,-0.809018136962851,543.55715293555,0,-0.675173819522591,199246,113382
"39",NA,1.00613169198181,1.37787350347954,0.0841017882834484,0.443134121905301,-0.822350360242854,-0.266351054285349,-348.81134939716,0,-0.970542828215256,989170,385212
"40",NA,1.52497368763195,0.231496419934967,1.47105077447197,-1.21901022186013,-0.576911175336396,0.426815272636938,-687.82187792972,0,-1.30754933546578,627544,919481
"41",10.7594343989401,-0.598133513597563,0.56706672756214,0.943355843157376,-1.0829858412534,1.20757106840194,-0.436268693787756,-1804.78275539437,1,-0.569583016086239,858358,510317
"42",NA,0.237659894769734,1.37739911785094,0.175922348827077,-1.20008642463243,1.03856579784347,-1.34168306402664,-419.585305922556,0,0.159541484675238,475894,884714
"43",NA,-2.83239242676142,0.0920052297985764,0.453777205826921,0.339286758116255,-1.91718572667924,1.39840499437552,-1039.34889411349,0,-0.0195697759325855,153493,914454
"44",NA,1.24153302128997,-0.965704644548664,-0.180465797781827,-1.5488028613293,-0.495939721193423,0.405299508647215,-803.964001449594,0,-0.0595519950016333,472441,906489
"45",NA,-1.36969990779825,1.25283129248426,-1.22281696174324,-0.707863650583934,0.215980166437353,-0.484844341161175,-209.327134635143,0,0.189185830283708,217823,621702
"46",9.58796800200358,-1.48836572478117,1.3555744909474,0.0666155806640519,-1.32288519268832,0.180846291964404,-0.83133882968501,92.381314749642,1,-0.314917529443927,878416,219875
"47",95.3381195845965,2.76846515204304,0.572246802572832,1.50397912598228,1.65979562649878,3.59361267064271,1.12306396425127,-95.5424044430926,2,0.6478548290068,778733,502828
"48",NA,-0.22041819048241,0.0626172725599888,-0.161089868852096,-0.118829791872507,0.340392894278168,1.09909703373601,1839.79850808542,0,-0.127394401062179,538799,981630
"49",98.0627500100271,1.86938302461743,1.42153346774226,1.49933289876874,1.91467000951993,3.5948427922432,1.06186078101174,801.857872764679,2,-2.95031461246339,378029,734556
"50",NA,-0.387532275237591,-0.487843491896862,-0.870070186056545,0.158186886264986,-0.19521744947454,1.61200071423184,-517.931832954409,0,1.96688141619341,17580,321486
"51",NA,0.962006550748327,1.13826727341633,-3.32751746928285,-0.257539121160088,-0.552395523665721,1.57451377390993,-775.458972844431,0,0.359784315774919,670746,317453
"52",NA,1.12816593069115,0.178803066975627,1.44740993284078,-0.501771575419329,0.774949254857344,0.106214140006009,-1002.05563533474,0,-0.189006669192331,39839,976586
"53",NA,-0.0216951903534497,-0.0556739836006894,-0.577596857535471,-0.366734153136771,0.315145644152203,0.937244863862928,428.585239470427,0,-0.314175291729466,12958,428765
"54",NA,-0.160315149833381,0.506060861126898,-2.33692848609543,1.24669990310894,0.701491438981431,-2.16483378076519,-649.630793699954,0,0.806543290505783,507940,34839
"55",NA,-0.562017315263914,0.291193780195349,-0.750191612247084,0.347025828363245,0.918509999123339,0.211420725600971,-525.987848806246,0,0.308611542885012,89484,660843
"56",NA,-1.02473791851766,0.839507324857092,-0.314486385819291,-1.00171675426672,1.19428466405682,-1.16529783683501,-384.237898979296,0,2.47384189471112,44793,138984
"57",NA,-1.6252685526996,0.152739487271366,0.383039022580907,-0.399233556411317,-2.04675513623724,0.532613905106684,246.960070359471,0,-0.0706250839063033,914287,622405
"58",NA,1.92894400213986,1.03967198833655,-1.50679327602736,0.0356879963079113,-0.439041588387069,-0.901013613006325,-614.3985654853,0,0.911190834827941,292011,750124
"59",76.9470538407572,0.779305177906152,1.93900002641102,2.51638558947622,0.786878537411473,0.801555264101085,2.72099580340237,1673.45809761064,2,-0.542436570254319,279250,24097
"60",NA,0.554958753335901,0.876524555454965,0.62549288316021,-0.928618532170476,-0.593596365689578,0.613958115218195,-1227.92554636611,0,-1.65750028310188,385100,514943
"61",NA,2.17588755145719,-1.12066183371946,-0.00333343795732947,-1.07206910373286,0.554056532733003,-1.58271186764594,-1240.35987178257,0,-0.788636918934127,353985,166725
"62",6.79709381729199,-0.104407470839308,-0.908749433540306,-0.175722750050887,-1.10820861249051,0.412934735185083,0.189143445232577,452.688042859408,1,1.5055821371731,53813,122049
"63",NA,-0.975224773205006,-0.168688794716114,-0.911686454284839,-0.396345866267189,0.0143278627402529,-0.524467042306796,-519.109982940079,0,0.632800561417526,185275,474131
"64",NA,1.10986005328976,-2.48136606429625,-0.280217080374631,1.27668559433959,1.87228975040829,0.390392071407781,-1320.92313567901,0,1.4804763005447,473545,204009
"65",NA,-1.53619167104727,-0.688995690854015,0.408753628579229,-0.166707568247125,-0.381557618720595,-1.19212296136651,678.402504403338,0,-0.00799619988078867,451260,835336
"66",NA,-0.275381427579823,-0.798987629550665,-1.49155975152106,-0.827235705637364,2.86640603757151,0.825590698424544,-1791.80365687468,0,-1.60663920517282,36952,182450
"67",NA,1.87266693797708,0.380251117843123,-0.92810496749902,-1.14036684704437,0.538275106403152,0.0512210502561583,251.906131408037,0,1.28126217567399,946055,411561
"68",11.1259764457707,0.839468881079338,-0.624814916762253,-0.692319140995834,-0.0819510360577526,0.838500150778758,1.69296243378055,-640.988367130685,1,-1.44158593828742,424881,466517
"69",11.9585125324504,1.5399914222211,0.11648103989701,-0.839186607018564,-1.39026582298079,0.308747344816413,-1.03815390620191,-1738.29281010783,1,-0.540375414134827,339326,554017
"70",NA,0.500433812285906,-0.470586454954255,1.75968194763931,-2.27212760832291,1.21291450250559,0.945743522837609,622.62971434708,0,0.130835700386826,879994,255613
"71",NA,-0.924756983136057,1.21596429897109,-0.338886195974049,0.421570098002605,-0.734080392332071,-0.281117900874617,529.548802486581,0,-0.730499852248661,451973,562248
"72",79.7951762060176,2.50913226864193,-0.253556021040749,2.44811051118393,2.57617682171425,0.928703333774397,1.28669470999012,1520.03068731708,2,-0.680947713002591,187843,177849
"73",NA,1.62629614036995,-0.438028507539878,1.05776933026442,0.0655751409778196,-0.367044105467176,-1.30340933614801,-1050.72430475234,0,0.757135004059164,810051,912016
"74",NA,0.934691773544957,1.19972338712974,-0.662837506402833,0.412482407439784,0.582380709729917,-0.224871208235976,-97.9319668439643,0,-1.24879007566695,108221,746217
"75",NA,-1.01393980082411,-1.38114559479927,0.778149651232119,-1.99529887025422,-2.58426225520367,1.53677298699983,147.77515724038,0,-0.981677537274631,221196,162593
"76",NA,0.956642110582543,-0.381944010660957,-0.837415503844694,1.00631384245806,0.81983480637964,0.802996236041609,-1384.59099261755,0,-0.805410161032679,504528,605768
"77",NA,0.297965115814957,-0.672129199031177,0.0688770065771593,1.5415798996466,0.192657970940548,0.772571304154597,-1059.86346261167,0,-1.93785028637349,6875,585989
"78",NA,1.70627011181917,0.805079841905944,1.33369726360883,-0.584137313831211,0.0232125842637701,1.13399363141477,698.40310277333,0,-1.17041112798694,241613,534832
"79",NA,-0.618372792583983,0.686235477613912,0.822711550315937,-0.191559681425284,0.870669068404075,-0.847117595142256,493.615488319913,0,0.500533124407671,171066,240031
"80",9.22970164688319,-0.157334542345564,0.236934292988906,-1.32307738759105,-0.0288246137123918,1.4191868846171,-0.803741642159771,-29.8819546120799,1,0.350446708428045,526672,710377
"81",14.4700446120076,-0.761559762253646,0.644079009279554,-0.16661661831275,0.937740962090044,-1.51577836841221,1.29778469433273,-2207.13054232504,1,-0.382278443611346,304779,36248
"82",67.38081673129,0.849014093964893,1.35697378454343,2.46801131406757,0.907493116430051,-0.660753554319768,2.62698419189963,1780.63408289874,2,-1.1252518712657,282042,221755
"83",NA,-1.09452235084154,-0.344214983650563,0.313685722161517,0.252241284245331,0.307397304383857,-0.00884812446808439,-128.437755408403,0,0.680177834078173,586527,813670
"84",NA,-1.11681304261432,0.320838368728719,-0.350650644587042,0.397016942739128,-0.132345491414984,-0.250757325781095,203.086762824036,0,-3.21932527472277,446483,193790
"85",10.770812029828,0.541687646495881,-0.0860671292495037,-1.90544502531964,-1.53966333998093,-1.36689387955711,-0.268535312745364,-1537.29703010177,1,0.157465984167181,978810,217168
"86",NA,-0.167030670446111,0.195215583171743,-0.347766623788363,2.00354513064999,-0.701623717318294,-1.58632605786437,135.582635332099,0,0.400024870014337,794842,967152
"87",NA,-1.40468806301887,-1.03984645739674,-0.83977900874644,0.55068797109757,0.153172131269349,-0.625432207247447,386.292232570033,0,3.51927553952341,659194,773653
"88",NA,-2.21749534331423,0.522917586628877,-0.0522273287312972,-0.671554025135079,0.0903952168217678,-1.84451282754789,-359.662783565959,0,-0.26108411387771,591934,85203
"89",28.0546376934056,-0.382518064055709,1.31582033801989,-0.628076593051543,1.50353210770729,0.245361204988579,1.08806952110191,736.981832533769,2,0.476280166628431,819417,967037
"90",79.6221947573113,-0.722896319592856,1.57896442982114,1.85842137823513,0.85075666791332,3.43734928040702,1.58725704769599,884.65603948774,2,0.039070207188311,94905,751030
"91",NA,0.996310217213986,-1.005788724621,-0.912464096694766,0.634758165136954,2.72017605044589,1.76195583455758,-1027.93671860737,0,1.68577598880413,896070,349004
"92",NA,0.140005187298238,-0.189027436549169,-0.555772625338473,0.930015722517331,-0.258080003698134,-1.34292200641007,-532.584943824042,0,-1.56907219964492,436154,804580
"93",48.4482815343765,0.803660648672639,1.35391864526861,1.91145471297102,0.644046829595494,2.33687979065083,-0.350102039915578,-112.826647473542,2,-0.336382375110516,160183,799324
"94",NA,-1.79445767445819,0.240227096124823,-0.781829616117913,1.26859615385815,-0.578165147074459,0.0896698633126918,-761.0573790126,0,-1.1299012722241,884628,135465
"95",NA,0.212933573708996,0.168946552132852,1.05489882294752,0.877803960027687,-0.537458737433091,0.793542589044041,510.11866176444,0,-0.141858695159713,168177,654849
"96",NA,-0.156377172905927,-0.832039691532929,1.47208149442632,1.59112290783481,0.192411010201151,-0.764048399607454,1000.97961683886,0,-0.117083367598193,864793,476748
"97",NA,-0.224439016460238,1.04152163519926,0.256930690810499,-0.959564893267476,-0.73244416423008,-0.378638449692376,941.503760020135,0,0.128328455955454,26589,15578
"98",NA,0.280465467871739,-0.833951719570211,-0.581689882944249,0.667212011411824,-0.203779322714515,0.317553738968477,-846.597575739803,0,1.14160014303205,73955,247353
"99",NA,-1.59423513593353,0.0813138610475071,-1.04934448740933,-1.36345850283119,-0.232790522022171,0.490855725526953,2455.01938859044,0,0.50659580099121,547114,26645
"100",NA,-1.81775186735914,2.21242372749305,-1.72591043269005,-0.0601609872003857,2.21201810150146,-0.585841123443207,353.573915212157,0,-0.428483159882829,293438,469092
"101",NA,0.936284051163954,-1.09716859429254,0.0060777089992101,-0.10806441428615,2.03897391345002,-0.617792328182991,1599.13465898902,0,0.259231940438965,28424,375745
"102",36.6122891574899,1.45993336275724,0.431636613214588,0.843797873894654,1.05989360798299,2.12393171792904,0.174711251289485,-336.169799907194,2,-0.454549654062185,65323,819841
"103",38.1081170758066,0.0972618022561104,1.02978296961224,2.7288739561515,-0.00756661395212643,0.438342978140432,0.315300056273424,338.078683373754,2,0.642472917030578,123615,230869
"104",NA,0.725686402419215,-1.9399504608785,-0.893647163028047,0.168738401238089,0.164410539871926,-0.466864298376249,-1345.3465938961,0,1.31035966848588,878885,561430
"105",NA,-0.121831037122488,0.477262036297354,0.631190725846474,0.00286322537092567,0.12276725711188,0.43881753270358,137.21693683545,0,-0.993875417830045,512815,672229
"106",19.7064702838462,2.26586761971585,-0.794262095451225,-0.141959462366103,1.12769695397401,0.507719860631208,0.256116274813952,1762.53717340099,1,-1.02795471385614,128076,482099
"107",NA,-0.166580576229273,0.11775797045401,-1.17451666463301,0.446807162606147,-0.487204361367889,1.56063450351583,185.952077384498,0,-0.0273049058035706,175663,80436
"108",NA,-0.833396880500942,1.39755436779917,-0.633803536344402,-1.13446875304188,0.292139379132471,-1.48106562211001,-1372.72718006434,0,-0.961435414448168,432919,956671
"109",NA,1.09607395479427,0.606414115512163,1.61595170279811,1.32670436305234,-0.598530235194745,-0.122852974158215,-1443.54102336135,0,0.465831001375549,72372,482289
"110",NA,-1.07572287508568,-0.171535017341361,-0.568230017840929,0.615191248950891,-0.285673965121688,1.33086766088352,175.165638266359,0,-0.471380444987467,519585,64462
"111",NA,0.52925026225998,-0.0627778697287575,0.265168816814119,1.22369451414578,-1.51417056335361,-1.334979539078,404.636501778017,0,-1.03470885088432,616833,729553
"112",NA,0.551235690466657,-1.0763435817477,0.326756762578809,1.68433993125381,-0.0116456005468657,-0.508338961531151,55.9308610555707,0,-0.109959663117555,446820,88392
"113",NA,-2.94458995505362,-0.904727290083782,1.48780750801212,0.101344743499804,-0.0597442024502373,-0.252354954449314,944.830875557474,0,0.168207962355293,629835,677253
"114",NA,1.40233611346248,-0.52752747354879,0.870018459580697,0.369149925826827,0.300671415089943,-1.90181112969661,-1005.06362516472,0,-1.05705414595101,97624,872263
"115",NA,0.695965937978816,0.428181502384685,0.252384798858111,-0.578639085102003,-0.0533256219482512,-0.102835554761205,39.1572109863938,0,-0.357855648415095,724272,853342
"116",NA,-0.980078100456418,0.508260772909241,-0.00194547790485957,-0.221001293456972,-0.604214111350801,-0.605156167308176,377.050563849056,0,-1.30667496445645,772379,396084
"117",NA,-0.794182951299663,0.575565287928846,1.3937979722677,0.161677484760891,0.104614077694051,-0.873730265339298,1504.95589780542,0,-0.115530577333467,117609,277975
"118",75.3791918532585,0.455890267688886,2.90987262375445,0.93221717942829,0.399139171842741,-0.2573400449963,3.2369588145134,-199.601294918042,2,-0.0815746829334324,588193,152014
"119",NA,-1.33506653208709,0.615438762037506,0.340999599985778,-0.592621142666936,-0.243485827764247,-0.928186079834895,330.148772656123,0,0.519417534512357,435068,711451
"120",NA,-0.112213496168363,1.95157252086899,-0.107190139734564,-0.747013807229256,0.789647453473384,0.63855058362381,881.136067298476,0,0.656661447512931,552829,834748
"121",NA,1.06088089915448,-0.271438358374053,0.404425735686209,0.771832913869627,1.83218854040963,0.369296723472602,1157.94262780727,0,0.327734246386859,537161,319691
"122",NA,0.298415729081007,-0.322324018508482,-0.0952907523565337,-0.288061634764857,0.177292766256734,2.08051961083114,-151.553371570312,0,0.156740710606759,805876,617884
"123",NA,-0.831732818368287,-0.785392777674731,-0.474122418700387,-0.551166747870387,-1.35473005328217,1.971830737764,16.5911713233159,0,-0.606507505002859,149026,113234
"124",NA,0.395429679143153,-0.836595055422783,1.47590883063638,-0.732806184292168,-0.45942799218457,0.030374413813712,85.7137821418588,0,-1.91209903185095,52609,369555
"125",68.4355504800728,2.42753864821809,1.34797186539981,1.75710858026452,2.37702417279243,-0.883531982388675,0.820969417976685,232.471957383269,2,-1.21099067730661,25042,317433
"126",NA,0.41807662661203,1.25975320449214,-0.66333592855404,0.979589336089813,0.912877785666774,-0.402328832032818,1531.41385828329,0,-0.101505753024958,156690,997299
"127",30.8520623608351,0.0508878608950039,-0.745071535104102,0.374473750511918,0.0781666418582815,0.76892237679872,2.2509096912552,998.314292524116,2,-0.932947264931834,930094,868329
"128",NA,0.903786394029408,0.498248133779096,-0.746740765518859,-0.824693799843537,0.16522863650056,0.384740118283041,740.978760080167,0,-1.30899259024415,905908,174425
"129",NA,-1.18794639841331,2.15617963338862,-0.84845698525856,-1.31758997675296,0.158103672625463,0.174991480541199,-430.103652768564,0,0.856447462525608,746698,799551
"130",65.2971600480421,-0.990474063657859,1.77200647570577,2.60870525159393,2.38023937371623,1.16658998334679,1.09082409959343,487.617422215427,2,-1.76122730795998,461662,818650
"131",NA,-0.0311466939866858,0.667053512660276,-2.71700502776028,-0.12277042918554,-0.498752742539478,-1.42685229087719,2542.31339077943,0,-0.793917879994783,587266,947926
"132",79.5992871066622,1.60317202279229,0.428320045486253,1.55218602742341,1.45467947135853,3.1978398540644,1.51566433179955,1708.91117220383,2,0.364438967056276,206859,616812
"133",NA,0.632054802165504,0.756882325794357,0.201810158833496,0.865578277090401,1.02771563559446,-0.0216297653309851,-948.808677325546,0,0.872993634890612,856345,981046
"134",NA,0.0334090849044833,1.07044835667915,-0.778262814362469,-0.338827833536404,-1.20603678967985,-1.0707794663408,-693.878735923831,0,-0.56339285512909,730978,258846
"135",NA,1.17476743838843,-1.36909981024288,-0.428340826019724,1.15457811141125,-0.220092410545373,2.1811082606477,593.037430393995,0,0.376222031314991,996138,46842
"136",NA,1.43632947051987,-0.528578341632881,-2.00312728660277,1.91695448897796,-0.713098563223705,-0.868582132759677,-1248.46733647567,0,0.510566668682976,913832,117142
"137",31.3592141104266,1.84149297235027,0.283962421241052,0.385269667198614,1.4328267833683,0.614503483444799,-0.962689818034442,811.759026436463,2,-0.463273368378573,818417,882945
"138",NA,0.426385763649601,-1.01951215518262,-0.118604886174116,-3.31668365410529,-0.105481268496462,-0.491859204956874,-9.3533188720404,0,0.250382509978809,905199,784961
"139",NA,-0.251463835661579,-1.86386905692529,-0.0550535289595118,1.029226605964,1.84894162020643,0.370068311664739,-1196.18601332603,0,1.48460116737024,543082,267890
"140",NA,0.533173810061912,-0.112218487913757,0.610994836907756,-1.34859280668022,-0.158455561604516,1.31633540369846,1556.65312266325,0,0.417157379123724,353751,925701
"141",7.70632770648935,-1.17143326411025,0.414132124411344,-0.036959160989744,0.719390954052843,0.455841285127283,0.276437450605125,-1237.7379362318,1,0.411588865479493,456894,157446
"142",NA,-0.544236337833936,1.04611010972491,-1.13574811922247,0.903712181166699,-0.630756588916407,-1.70355162131271,-1496.2817804973,0,-1.65669946621837,703559,774801
"143",NA,-0.675292549588673,0.123024234575742,-1.61721101234956,0.810393978938468,-0.170338538773742,-0.201875892214656,1410.14789301347,0,-0.467116148917976,636878,892038
"144",NA,-0.538708886363721,-1.45170069350315,-1.02563276037584,-0.436286871614974,-0.308644023850959,0.0160908178116883,-1156.40820614816,0,0.946395005850352,106648,72900
"145",10.2142662604855,-0.666210279220071,1.69411618141302,-0.129672017204764,-0.595085191560018,0.779597516297075,0.307101000527237,-21.6989485349433,1,0.642054228757742,429609,202222
"146",NA,-2.42246701236799,-1.04562041281666,1.22276872012233,0.523353049611802,0.587693262731985,-0.442147507485469,874.381958309749,0,-0.812204918862759,631812,694772
"147",NA,-1.84419030973939,1.59207796062592,-0.096109823875169,0.718036138997987,-0.0536535859718319,-1.63306440414609,163.055544678312,0,0.533995758166263,576104,497898
"148",NA,2.1256395595245,0.620735170467091,0.728099221527333,0.113926637405599,0.55327319523204,-0.189591422961524,-191.587417473328,0,0.129867616314415,733519,863238
"149",NA,-0.634560672451285,0.564544379700748,0.0914975339026875,-0.0933835824303333,2.93929082517671,0.15282725183276,932.068187567451,0,0.31479003042682,989235,575761
"150",NA,-0.0847164087348694,-1.42789995660582,0.290355555421693,0.581703241123946,-0.672023007861979,1.26328111688566,-1117.86449268039,0,-0.772705362550858,954714,413082
"151",NA,1.3805921379637,-2.07730232832369,-0.814124710275579,-0.828068485432113,0.128184522587667,-0.195727092333834,17.7223139615708,0,2.07278225616269,660131,835850
"152",NA,0.783924585457164,0.603862494966206,-0.875895931370099,-1.08096468342076,-1.47921692706281,1.568598185959,1603.69376565953,0,-0.92248122455972,103987,958384
"153",NA,0.58796846082961,0.790630352546431,-0.256806780525445,1.24719795969281,0.516579316916131,0.191107891692016,-273.147316758364,0,0.771734049545703,410542,603440
"154",51.2256239369203,0.863510247842322,-0.469362468731316,0.0834469462229402,-1.82547543171898,2.03705850446661,0.834501137812668,2356.19273456923,2,0.620932866499583,897140,39301
"155",96.7013552791715,-0.337651924963184,0.328787017486798,4.29727710456215,0.775728306297371,0.353965480564898,1.11977660899692,2007.64576964833,2,-0.36670101273826,219556,762071
"156",NA,0.217676401049502,-1.21887274577734,1.29159985711012,1.92819269335401,0.33026253039076,-0.721568650434405,-349.28163461981,0,-1.56823852815491,738163,505421
"157",64.7249554682395,2.95564805932527,0.721784532851101,1.31898309989575,-0.426669385268973,0.278623151567242,1.75216437691241,1470.39264767022,2,-1.06809712422511,486512,797836
"158",NA,-2.04997129272872,0.768267099314536,-1.50661531783501,1.4680018964746,-0.800867939280047,-0.811015913762706,1697.98936326337,0,-1.99244952684045,454921,809121
"159",71.6300061990159,1.55956135612463,2.87696669810146,1.48613968112282,0.670923290096813,1.87686395026318,0.702614065943556,1586.79662789866,2,-0.168299544222381,578310,866020
"160",NA,0.112698365069167,-0.722756577891241,-0.0389661716015406,-0.902434689896798,0.239520327599739,0.327250732184567,-552.013734438003,0,0.385210774908595,147048,243488
"161",NA,-0.0669462325488559,1.44827474349676,-1.70485222003462,-0.709683393751787,2.12421941622549,-0.237285508432554,2669.08484889652,0,-0.464712799945856,887130,159435
"162",9.55623981013673,-0.827692993877904,0.142777939820269,1.08096702988802,-0.0405233229464791,-0.253156345306869,0.856067795443824,1081.63095960704,1,0.108913761273645,561431,958946
"163",21.9835556636653,-0.65044364064485,2.90806704427099,0.760650061179841,0.137808110020768,1.59686321281012,-1.08376965502573,-88.6420498753731,1,1.87346173296428,387856,414784
"164",NA,0.715234881019701,-1.42202928998107,-0.550275766901066,-1.87647925151478,-1.8524736776889,-0.654044362960773,337.978662449321,0,-0.118353311675207,231112,389972
"165",NA,0.374068184040157,-0.216901284424849,0.545951390955763,-0.53006321051314,-0.393522874970316,-0.269262590106605,1406.8687330597,0,-1.45971359174168,175980,530004
"166",NA,0.0595085627299873,-0.111171958842647,-0.836747716610104,-0.820103714479215,-0.526822454883375,-1.05500333689128,638.757420290105,0,-0.978480835676912,642694,790811
"167",NA,0.539788704792088,-0.13272597009467,-1.92765753535771,-0.789259464919356,0.543029554215633,-0.763677019949404,-1500.00523158337,0,0.374854281771904,596858,87702
"168",NA,0.726935268150644,-0.928832443378132,-0.457786700803598,1.02729278994733,0.231320595724929,0.59258728770058,-902.976787453101,0,-1.78103180957773,229876,908398
"169",NA,-0.318319578864649,-0.371486419831601,-0.579926813068425,0.353326433356637,-0.352736454901753,2.7770129339813,-1159.37649495893,0,0.0907099962820594,987518,866654
"170",86.5412535855596,2.340365725498,3.12185670377869,1.07817228105816,0.711033047425874,1.13280931511107,1.54596843968999,1914.09227710893,2,-0.720714028519921,758564,27339
"171",NA,-1.17888994819997,-0.528497605450827,-0.12790466753723,1.37640533403892,0.550625139548342,0.00328989641851533,820.942125455469,0,-0.946449933825474,117519,334872
"172",31.6853238303371,0.624115072239693,0.231896714453603,0.883351465594855,-1.97472192781523,1.02768334196943,1.71294189847979,153.97649019291,2,-0.827943412850558,332807,356987
"173",NA,0.631017144000352,-0.26616938962248,0.93134680005664,-1.3377844990717,-1.99128438265427,-0.0724539033931296,158.908779505979,0,0.696535385157193,121341,561895
"174",NA,0.792354451143327,-0.447066648300542,0.514407098457489,-0.21185731390521,-0.478963344845023,-2.10455805969117,-475.449624351098,0,0.84375634231184,111582,92142
"175",NA,1.37124626387337,0.28811462721011,-0.926030380466173,-0.0526042508637519,-0.329784280760394,2.01550432557343,-372.781462498683,0,0.0419744931189591,709924,294123
"176",NA,0.984702914698402,0.408520768528293,0.539827542120031,1.22944213370813,0.681938520858513,0.56846798563798,254.736432169792,0,-0.137210256785785,718804,195316
"177",NA,-0.526202113996626,-0.549124307818532,-0.238658440540622,1.85952638937836,-0.719364922711804,1.17232701963391,991.689089183265,0,-0.661661688501247,338907,362359
"178",14.5245504293723,-0.151603982664914,1.28107079946246,-1.85764632090087,-1.14576005416337,1.26702064749758,-1.66422859830397,-1402.97399146054,1,0.966177183756399,234052,847017
"179",NA,1.58371231351243,-0.786559003139022,-1.57498635429826,-0.679799112261016,0.531971869156736,-0.594106363336105,165.808569155593,0,-0.753120363999839,749956,666935
"180",NA,-1.59248696068283,-0.00980570845626984,0.811342085751358,0.103647426055722,-0.333975480320311,0.50261880340959,233.619198758793,0,0.98181168989258,657649,478868
"181",NA,-0.859611356209999,-0.537721866780066,1.37552607976673,-1.09486564647468,0.469938563234758,-1.15167637222325,166.432713244046,0,0.724544931510794,792360,829311
"182",NA,-0.658041678360694,-1.06074698833469,-0.799843793899585,-0.101412182221121,-0.47656629266301,-0.416360464256299,-686.607176198293,0,-0.924730272731246,561403,65057
"183",4.59953645144453,-0.122116924477382,0.0916314915698653,-0.941403575967887,-0.0356326219659014,-0.227474630766352,-0.179165673669048,369.671216459072,1,1.68600947381009,287146,299528
"184",NA,0.644478817371065,1.32029290128643,0.218223891050312,0.677600893682073,0.626937692561242,0.727909232216025,399.877978004172,0,-1.38112886274773,85684,630943
"185",NA,0.671497689542539,-1.17306918581261,-1.77954572566628,-0.114892838411658,-0.693490515107025,1.07774396368987,206.533179184732,0,1.5749372443613,677933,889290
"186",NA,0.717528975365859,1.31139532453447,-1.10617976010377,0.424319963419084,0.85864021326522,-0.578830470340065,411.471216456453,0,-0.75905048428568,930897,369338
"187",NA,-0.168637231550638,-0.209900617242492,1.73964034217443,-0.802453141923827,-0.255431334223505,-1.90054443169035,195.644858028697,0,-0.409546880389075,709003,699668
"188",NA,1.75615425689822,0.658427656392396,-0.843859787637891,0.822708801034264,0.863552710766301,0.304805181360241,150.846806041822,0,1.60676299547003,322943,683906
"189",NA,0.564254471371088,-0.718808461239909,-0.438703988481324,-1.19851670345838,0.196042140478114,0.825357861649028,1753.19514899084,0,-2.88508087796572,981895,726519
"190",NA,0.00892182851476339,-1.04608989245892,0.701679858230909,-0.274537917047017,-0.52012848056704,0.450064812588951,-537.068707051927,0,-0.647527300865423,694434,597655
"191",NA,-1.61720882740542,0.149903409321145,0.12542271405025,0.654415798997684,1.02431965442963,0.968527292306942,-1019.00967459334,0,0.156724061449499,845885,786975
"192",NA,-0.56421491616537,0.538476785657898,-1.00812851045576,-0.366892053028644,-0.0739919715975688,-0.80017849607506,497.948153881723,0,-0.54143968354604,991479,909325
"193",66.081542543334,0.344567411928789,0.766773994555935,3.28893292479021,0.593581820850154,-0.0858174060631618,0.0955794716310951,2162.56035162964,2,-0.436505811819692,421492,607340
"194",NA,0.0874282452527574,0.489422028785673,0.0461040246916189,-0.985356450322349,-0.0247114106192883,0.510691084207888,-608.518029506633,0,-0.510319536097181,573436,356064
"195",9.83739479956158,1.32671334185329,0.437583761264665,-0.351775900463082,0.109673199251332,-1.0911275017869,1.26032549528768,235.074672919991,1,-0.132592929879265,802984,519763
"196",13.4170316911479,0.0339768851319677,0.07020295172729,-0.915281425116615,1.63016733084337,1.15430224422121,-0.00585997728923876,-2018.77836586174,1,-0.392651961171846,725916,871703
"197",NA,0.353857485780392,2.2592623342867,-0.1676033606389,0.748617085553516,0.704998713162948,0.172776532365364,-676.178798991299,0,0.136052840002905,172509,758904
"198",24.6792541802254,0.444400887344127,0.913205895136152,1.79274747492316,0.296317108483078,-1.05216551535134,-0.214726262893944,-379.444597363672,2,0.86724861378636,558024,429314
"199",NA,-1.59125775322958,1.31841731616604,-0.473134065312037,-0.235033572377418,-0.817132977408683,1.89551699329925,-79.1160891972333,0,-0.993157015701704,540091,270072
"200",NA,0.497613284176526,-0.011538981200373,-3.07113857825602,-1.13588966388918,1.74167070355198,0.362919494675757,720.237545765682,0,-1.26127867706684,921303,859961
"201",NA,-0.67446376321059,1.26322623411429,-1.29666198850145,1.06285657972646,-0.613510867786483,-0.727221686910688,672.171853649489,0,-1.03302727072325,311264,517174
"202",NA,0.653278201433911,-0.0545481294278788,2.672216050438,-0.603030644697459,0.364829156975258,0.113393532557104,1166.62710903814,0,2.14240099057404,320983,396731
"203",115.941674415744,3.16606124737179,1.07046666893308,1.10663000945148,2.1330774285678,3.24189319204088,-0.0190954482796268,2160.48665319632,2,-0.497625668698822,710290,508450
"204",NA,-1.6775183448269,-0.684369393210728,-0.245977122932811,0.22745109020327,-0.577574495457933,-2.53882872231823,1229.14642508358,0,-1.03768219083888,196604,390294
"205",NA,-0.355486137186756,-1.40431905822313,0.47320689218312,-2.03084470459727,0.878286227748251,1.25866761034138,1166.57571732238,0,-0.830096334627295,729807,127985
"206",NA,0.405829410259729,0.651908856582198,1.32907226773149,0.365686379817898,-1.58718763422046,0.942868830822421,-1304.28784834184,0,0.778768370445589,408536,787913
"207",NA,-0.432512331620553,0.570488924812265,0.963947376797067,1.18131233093254,-0.349749668640837,0.434384760824781,-1329.5767265791,0,1.0111226397801,421010,584565
"208",NA,-0.524894563294055,1.28838230905211,-0.698937469702891,-1.13170049458027,-0.934402994017827,1.15794731806147,-386.062435321413,0,-1.37219678329877,179930,530193
"209",NA,2.59169691311453,-0.650907025967172,-0.568192261033349,-1.46393610386423,0.571536398491745,0.603696624448474,-1889.95960521611,0,0.160945842088656,730833,494865
"210",NA,-0.27852981914204,-0.514693416771361,1.52098853293067,-2.65364881043049,-0.700427587341384,0.605320055096872,1761.01988883131,0,0.731864555150903,977708,17859
"211",NA,-0.914067888264278,0.240831705297688,1.01085472212076,0.118856495123023,0.391476496578979,0.157069255678974,140.24679339015,0,-0.620799684180187,237507,880510
"212",NA,-0.954092098586887,0.475903977063873,1.584866735031,1.837518387179,-1.83220053022311,0.497360074982925,255.480527457301,0,-0.361617418345392,748276,889041
"213",NA,0.902641928879065,-1.84824727111933,1.21565962066231,1.35477532599646,0.0667249890208386,0.385892720212503,-1133.10400498736,0,1.85230958363178,483746,979267
"214",NA,-0.408054132359551,-1.26739182662795,0.130340881083487,2.810886622,-1.01906090476454,-0.461391847824599,951.146421555702,0,0.44289115051314,219894,679470
"215",NA,0.142067298633911,-0.321392176576241,1.28005857516001,-0.6797774241181,-0.906674924741905,-0.242814744038994,-283.674153302827,0,-0.374442092832363,585176,535420
"216",12.6515629108676,0.355997064636442,1.95344858669324,1.08930473197819,-0.38274179171561,-1.01206339276325,0.319448771283703,-131.090443914273,1,1.52903214015517,885771,873990
"217",NA,1.00806462501241,1.061308578005,-1.03633577636603,-0.0991862965134995,-1.04793695599629,0.313988476526641,-636.503460692153,0,0.49652055657871,6397,427336
"218",NA,1.21058234676164,-0.229372678858673,-1.1987132345658,-0.554516649535442,-0.357292943650316,1.29924697064847,95.9779933421013,0,0.140166317109062,357216,986633
"219",62.1117523149756,1.74086545794312,1.69146570882456,1.75562563265907,-0.597002158286642,0.00189807695857869,-0.044068094930299,2699.13549553391,2,-1.16044631526945,597468,173423
"220",43.7351638705928,2.21138711764975,1.12887912048479,1.52279014800738,0.307756937570866,1.10178251137921,1.21214856740726,-169.518140887156,2,0.0265870598510805,278782,535317
"221",NA,1.26977006233558,1.6149836988449,-0.577612188126839,0.158617810806256,-1.62416394630172,0.910170351724015,-358.557802964445,0,-0.907461060829646,912006,933889
"222",29.636607610327,0.703215983450991,1.74425264372865,-0.595097054877304,0.0445295513498579,0.432938067041712,0.843307972301054,1414.80228877143,2,0.3313428257473,475028,635504
"223",NA,-0.945782433738541,0.124801439194102,0.275225981136395,0.042228560772346,0.742449615459952,1.00493082973178,335.653853935079,0,-0.384546457758906,84875,676277
"224",6.32129052619221,0.681205426913681,-1.80969790467927,-0.854705408235475,-0.443368246995429,-1.19141133753698,-0.51308374476586,-563.677383852943,1,0.724679530969453,529081,382452
"225",NA,0.867202859931944,-1.35513161607808,-0.100658596693323,1.442112668717,-0.463684390768031,2.56306891145007,-890.551259688162,0,-1.20504215620152,839599,640962
"226",NA,-0.230206005930768,-0.368684034279501,-1.05524763575275,-1.3646511130722,1.06805652279762,0.83169782239879,904.822813822916,0,1.44893466428178,293215,123291
"227",NA,-1.40383137948005,-0.236057803500602,0.943135593675961,-0.0988138734788398,0.759607684045974,0.801657162430154,-558.406224378282,0,0.459325747475218,721007,274661
"228",NA,-2.38592065551518,0.682102677111939,2.98830285533578,-1.43563225818421,0.141994406585377,0.877883371362048,193.081504335663,0,0.471736721320745,882556,185822
"229",NA,0.478470746733945,-0.204325325327276,-0.547364910426369,1.50970491269128,-0.374058986269626,-1.06821142892408,-189.142862592323,0,-1.58555079267197,382655,775683
"230",NA,-0.00074020229002121,1.76028149705324,0.490692888344586,1.80562220008462,-0.0301905437628233,0.403281450257676,-254.647101604421,0,-0.234313414693251,863203,961086
"231",NA,0.915697611892226,0.561947648377344,0.414313452516851,0.692166762811464,1.71989966573581,0.190554863214365,300.847289825493,0,1.24956398215653,704291,116178
"232",20.5025753716542,-1.62797459120671,-0.40939272278019,1.73201399343549,2.0502869106773,1.64058680105671,-0.0746306734358314,-578.96182549101,1,0.983001553397805,984564,274622
"233",10.7621463710403,0.729753586009236,0.553732589196391,-0.570117447214014,1.02853408333547,-0.385780632523482,1.25346868308546,547.958680962502,1,-1.50980754381223,85119,130973
"234",NA,0.917399907207015,0.396904020453662,-0.145394220667792,-1.27151607921151,-1.06770646256003,1.09165932791361,517.885723076366,0,1.14052518637936,639256,143570
"235",NA,0.0200130771446602,-0.088020124972031,-1.09815167451603,-0.628735232569537,-0.666121762096982,-1.75694322071266,-1529.85373706796,0,1.97644003606712,873696,898431
"236",NA,2.27972873800703,-1.10548172026829,-0.64043228256309,0.157117547669053,-0.830781002126681,1.59653807160764,143.926011602086,0,0.672195538540732,135589,401198
"237",NA,-1.28789807706101,-0.249135825976687,-2.30262988312172,-2.05234302112097,1.55355294983107,0.586146584070638,341.684873285887,0,-2.05215827191216,27337,388177
"238",76.6839747394274,1.36498535716093,2.81856685294029,0.330953379478336,0.144916780359101,-0.120118704841173,2.94409431389699,1563.62890889892,2,-1.75147305214806,190902,762896
"239",NA,0.470474782316269,-1.16153888734361,0.757597074641367,-0.570271951375264,-1.10035040801108,0.0272242595294976,1711.90563147753,0,-0.434193769080517,539119,825158
"240",NA,-0.0684345743548739,1.58512083492361,0.389678175929893,0.0756754794095086,-1.30236219895499,-0.518828954697163,109.646798979006,0,0.303679400529694,595207,605773
"241",NA,-1.43703160157907,1.57492459323451,0.829297431178811,0.649294163774534,-0.454155642129003,0.72693349960345,236.413621367578,0,-0.0450122757630085,400373,16543
"242",36.0245754205968,0.323971170604698,0.20736779974392,2.24407094210623,0.0455203321400556,1.66747104372345,0.55326128241257,-957.598335773585,2,1.2181684004978,80373,550287
"243",NA,0.241582546202242,-0.673356673812044,0.316718232494775,1.4544373913107,0.881577803676288,0.490052656972572,1377.85822139658,0,0.623233593497898,579257,536877
"244",NA,0.924713779999382,-0.275769315843704,-1.60499724391887,-1.98541564400431,-0.510778370188544,0.830683230517682,-1057.67127599655,0,-0.191470726615284,379014,107758
"245",NA,1.2566408190411,-1.30189421842652,-0.321757026509732,0.352777296126274,-1.02866761827382,1.25852532980354,13.3394413554291,0,0.391768364935461,552323,331726
"246",NA,0.420690022647771,-0.209426131280186,0.367737334323404,0.348997113019877,-0.375093098591865,-1.09505198437797,-1208.08770666736,0,0.334788686333939,556788,867435
"247",8.74135300214982,-0.271792756988937,-0.0613159167678404,-0.00120582733554843,0.673924891088517,-1.40156250279159,1.31437942991301,142.301488472196,1,0.751498919559555,57575,447371
"248",NA,-1.93223051938254,-0.169886619915828,-1.11741286436115,0.700226978299314,-1.96939080477488,-0.57651896066875,-2250.92642806979,0,0.213451026725661,469464,999134
"249",NA,-0.0725656223422375,-1.28329539416886,-1.7604494955723,1.66498592016445,0.774930637103882,-0.660546803829405,1357.95860516737,0,1.25569133469402,920019,528167
"250",NA,0.485031491857038,-1.18364705945097,-0.552665769399048,0.837318013012816,0.0195569483578911,2.36529093560339,1162.73257064502,0,-0.075405576667192,388191,579888
"251",NA,0.199877001807457,0.262121734679949,1.06191967813135,2.82634316328579,0.330535234501199,-0.750605181503158,262.921868412057,0,-0.306075387228852,349366,632283
"252",NA,-0.0420880410206505,0.257772780099372,0.524803293399686,-0.324782889050819,0.797764264023262,-0.179734510366162,255.516463773748,0,-0.771601860411033,219069,919354
"253",NA,-1.37237918289623,-0.755979038335106,-0.398121825688622,0.213379295242273,-0.852280098703914,-0.313609608236848,1773.30469477536,0,-2.12383513897111,506758,619413
"254",NA,-2.29434716278552,-0.94242627641424,-0.539177286037844,0.236387285390823,-0.322521971803502,1.81925747386038,339.436532540872,0,0.140226015512117,427101,527988
"255",NA,-1.99275168272202,0.543444321023487,1.42755228013423,-1.16861942414518,1.08289408267851,0.153029643104052,-124.728937392667,0,-0.990262249157801,343529,51252
"256",NA,0.0328152055206737,0.648133717703367,0.269704358580853,-0.367950827417852,-1.30684568671018,-2.11626777665992,512.57314057613,0,-0.883754225231307,690617,77773
"257",NA,-2.06654019422796,-0.306000933780158,1.45700738870778,0.276738522018187,1.6542869457695,-0.123819987734952,569.10498272263,0,-0.0948506807019168,532516,250422
"258",41.8315213346272,2.54793632804856,0.791021225248531,-0.606264923617201,0.57359712391446,-0.535194837644407,-0.121776361188247,1412.50959272347,2,0.830261768091708,170303,74637
"259",NA,0.181810725244001,-1.26224475930175,0.349291879096781,-1.32659409576278,0.327819983857203,-0.467141960717858,447.03308015704,0,-0.27063637889374,716347,736614
"260",NA,1.45891955544544,-0.390126510606134,1.81736395452217,0.585459932309251,-1.0361110955084,0.54742869524498,841.114111014336,0,-0.155055707404154,111636,669635
"261",NA,0.399923279291473,2.01626225994168,-0.227557868487744,1.05101233312397,-1.70894374986397,-1.03946896621609,-701.089615563613,0,-0.408255749091739,42796,189465
"262",NA,-0.333458490086631,-0.924955508092659,-0.267391112943076,0.0383522883796543,0.814217789914498,-1.75180486070957,1105.2911586639,0,-0.479035067571884,53025,38964
"263",NA,1.05971841947847,-0.797232625309826,0.177136767093079,0.872150952939844,-1.19365530988247,-0.570685181933412,1549.69514937111,0,0.938370728020187,674035,415390
"264",7.79385287469512,-0.421994768634025,-2.09306803980707,-0.872630878141239,-0.335964645791464,0.20079218223806,0.323161455804013,-1630.85743899997,1,-0.605416884150107,86396,18439
"265",NA,0.394421400424788,-1.07280474912709,0.933565515256824,-1.83064510584811,-0.301580852312448,1.08751396879758,-204.042352761832,0,0.350539559787573,238296,832379
"266",87.3577846268293,2.40210385032609,1.42446479838806,1.96252824841546,2.78898822061355,2.2151959099661,0.81035154766281,741.453048347673,2,0.521280520554783,161148,965805
"267",NA,1.21923738319649,1.36175104524145,-1.57821228303904,1.42474766457318,0.0327307077078121,1.42386001134125,-324.651924127154,0,-0.155335462285378,833024,979819
"268",NA,0.920584586355401,-0.338067877584226,1.7880115197332,0.380685741140347,-0.612057034713718,-1.86019598463402,-999.315807120584,0,1.12131167723654,493646,197092
"269",66.7534155681926,1.92590294113338,0.700272732987371,1.32534094963288,0.623009687576803,-1.13438906529002,3.17896294217509,-2010.78448300316,2,-0.436259771382954,821648,802100
"270",8.10682540155446,1.02110442830702,-0.218595460158045,-0.244730099301866,0.14408997800726,0.337392456146671,0.996216222482024,-978.552169479542,1,1.16532312832241,399901,150301
"271",NA,0.619425209827006,-0.13527814862078,-1.000044324386,-2.00401718830253,1.12030077556636,-0.0827577987787405,-509.391330482428,0,-0.606597122459566,270944,306896
"272",NA,1.14257470753428,-0.571533887834964,0.585822479066464,0.319894359989513,-0.701189081683856,-1.27908268042232,-676.735595872605,0,-0.31139961359752,136240,474956
"273",NA,0.560329164103321,0.0154666627174339,0.255455749155665,0.0851177917719327,0.270982104740044,0.291462183231121,-847.419729713546,0,-0.34710435266389,889191,8414
"274",NA,-0.0785972548821522,-1.86758181263066,-0.659570933225034,0.689289407117299,-0.245222082074786,1.0624843778493,-776.969532534238,0,-0.291384718292704,173373,98943
"275",21.2993129095142,0.664415349370708,1.17768205208788,0.842514681099148,-1.04220638494487,0.0757565892510752,-0.950439983256443,587.331749589002,2,0.246763225331468,352643,42610
"276",NA,-0.987106813783979,-1.43185057283925,0.858342627027317,-0.635850960286827,1.21801715395776,0.150350592940566,2780.87972226169,0,-0.293356453553249,224242,341001
"277",49.8226155285661,1.16230110190437,1.16589580805929,1.66596061206869,2.02767538118933,1.62472146198346,0.037559783512117,558.581821365614,2,1.65291005146327,204928,623290
"278",NA,-1.10097128257071,0.851964811319026,0.148292774363749,-0.172850170389663,-0.853734150675523,-1.62477483395612,-1487.85532801751,0,-0.131383449056733,885010,221563
"279",NA,1.50194839013797,0.933213641373344,-0.7456538061874,0.135575689366381,-0.0670987025840229,-1.10182703751114,814.002073234017,0,-0.626460526637264,603059,66952
"280",NA,-0.466196627169038,-2.25471535132203,0.316120003998573,3.21366243404028,-0.192542202049789,1.46071376372518,35.3107637191592,0,-1.31941050369959,219675,337225
"281",NA,0.737898967731764,-2.11677953095158,0.859502911170502,-0.0329087239745114,-1.29574573362833,-0.3011684708413,1054.06609263309,0,-0.243750371030353,495866,39864
"282",NA,-0.326430080832288,-0.339282108614353,0.177141080287844,2.35750442740538,-1.57601261524196,1.15770848710203,-415.70520003502,0,-0.370099956361425,38974,268825
"283",NA,0.353107223733041,1.02767395158026,-0.333918365532437,-0.702037558771188,-0.790286507054658,1.24933599231322,513.932588142059,0,-1.03065525138688,446887,822466
"284",NA,-0.0243217003346604,1.004699721432,-0.207559505878242,2.06609591438004,-0.616648320869806,-0.108693603444275,392.234448534901,0,0.747710081107347,798199,443936
"285",NA,-0.347583291850227,-2.93617325774354,-0.555234445300828,0.645638120219913,-0.400286271165049,2.00342170090466,-816.323227062142,0,-0.837161255168645,200228,234697
"286",NA,-1.33157524540011,0.430254563436168,0.372704979119308,-0.894848918156875,1.52920159670301,-1.3745656754549,-65.0080242027599,0,-0.691287526901655,231019,137464
"287",NA,-2.71800093421001,0.66576233124054,1.14856901485882,-0.162307619891644,-0.366711172748335,0.0589285991543342,332.998163817842,0,-0.184543127797938,598786,362083
"288",NA,1.66353854426798,-0.365806639163548,-0.445062211494514,-1.15887502393966,-0.306376751670304,-0.159292818770389,1678.0212049087,0,0.741691500260225,168012,866753
"289",NA,0.138846903146848,0.479971334619664,-0.219465220230725,0.228081263310178,0.052416329462963,-1.65113354356616,-383.053795404967,0,-0.499322852204166,612413,737776
"290",NA,0.651901408836931,0.764786382383221,-0.0682767905796871,0.933624033920573,1.49025598288909,-0.0872771271494662,-297.410789991811,0,1.04740122658286,963871,669692
"291",NA,1.88127780103239,-2.91152360803438,-0.0940832105727343,-1.00812958618525,-0.749207140541021,1.67735514521539,-1345.15806495693,0,0.485014122355667,790843,561056
"292",NA,-0.0815851547762634,-0.836181321092626,-1.20869484250335,-0.358349196219116,-0.53304492480204,0.127740721434703,305.04966276118,0,-1.66299472122534,37705,318958
"293",NA,-1.94920846595341,0.603544827856838,0.98519852528248,-1.125872037319,-0.277323954583955,-0.591554415612833,1836.81435690707,0,-0.0755221842162089,111994,92503
"294",NA,-0.437893813067104,0.436416234150109,0.172837208098867,-2.1766625277685,1.71914693719167,0.523756362660591,1718.67531151792,0,-1.69436089750637,776113,27109
"295",NA,0.758445970350521,-1.96307358362761,0.490391770627953,0.495906252429901,-0.0465481595799472,1.41192199124066,1792.15908680725,0,1.75907665134253,363253,446352
"296",NA,-1.25086389694858,0.827889266165583,-1.7670627929903,-1.22372054150309,-0.527271902603339,-0.160838598226625,-671.887819701609,0,1.27066415390285,910963,521540
"297",36.1210707767608,-0.426329897423044,1.03262013554372,-0.337479717649469,0.232065321481481,-0.0108937996723766,-0.139107752301465,2770.48575533738,2,-0.0682809707631148,195747,553778
"298",NA,-0.382134381003252,-1.57525032747255,1.97600725945462,-0.250381579979789,-1.21854465947316,-0.601253254931525,-318.683033336412,0,1.00003496969796,533908,228429
"299",NA,-0.397297543830322,0.94972064193423,-0.554925315331271,-0.0126951236546231,-0.378612412177572,0.895850926885731,-508.431588929862,0,-0.75949383280872,705567,94315
"300",NA,0.366685133817077,-1.05662458999722,0.272112075304552,-0.652856648623804,1.54391773720187,0.0407382928344711,-252.657406106427,0,0.242747373391551,712660,483551
"301",NA,0.0047618374121695,-0.178417414783439,-0.606387809557963,1.87981618010865,1.54470313404005,1.40996799570037,393.671107994017,0,-0.43615055947598,402381,932710
"302",NA,0.4946083179486,0.00911417826726825,1.48183698796291,-0.143076783983198,0.365460920770151,-1.50093454281453,2086.80306803504,0,-1.34579819016341,114958,123298
"303",NA,0.377532438878724,2.27650265966914,0.116382444062136,0.823496553996346,1.18436215915646,0.516526314868606,1746.58673211195,0,0.0572878314394007,403431,185267
"304",NA,-0.751403505091882,1.3515374564413,-0.220970254063774,-0.302111412013944,0.619652161869165,1.0887863253029,68.6337956382534,0,0.32420779362561,30291,304493
"305",NA,-1.09394416135941,-1.05231650525339,1.37722985461022,0.38104977202961,-1.8471791689256,0.413293881144735,-68.9359691183344,0,1.61134038252036,98538,511035
"306",NA,0.625701747257271,0.903181930458597,1.04004499694404,0.473812710984037,1.2262675422622,-0.697869080911746,-19.3468105745594,0,2.27936700923598,131933,300496
"307",NA,1.22435978294671,-0.144580247204518,1.38590264644276,-1.09255303820901,-0.237721268931827,-0.10157554652496,-384.359740283663,0,0.0600301815859182,991664,984249
"308",NA,0.309359228353614,0.794184724358132,-0.484662691629928,0.781679216753129,-0.739081125380038,1.23574670525389,511.069105760162,0,-0.442202272895365,415077,952826
"309",5.91632548242749,0.137492641420152,0.308526981195222,-0.881474255967862,0.187450928850851,-0.0547881752114062,-0.960089840997598,529.290248588963,1,0.129514741568908,403289,912771
"310",NA,0.0752880336313177,-0.451364834648525,0.170525263296425,1.28653652631665,0.177743665855241,0.474491821280513,131.871679921744,0,-0.0433249874980952,304975,361419
"311",NA,-0.809002262327146,-0.0124145330270079,0.576984153639765,-1.51158672111286,0.368301527939612,1.24832416907887,-567.940636739112,0,0.909304656022806,52774,111847
"312",NA,1.62641643434348,-1.62220326409055,-1.07675086452684,0.619834482594125,-1.38081544532949,-1.3384609722109,934.745512192407,0,0.449196053431191,322151,612063
"313",18.0468145791814,-0.570379297312355,1.80791608067961,-0.891514729492479,0.370460234937929,0.886243734655863,1.91396470156098,301.391071594543,1,0.128981717246455,289832,154641
"314",NA,1.8798323609738,-0.828390593665096,0.362988945265436,-0.355422486322638,1.63664251535588,-0.684097941575446,-0.598172273994436,0,-1.2791350107114,41808,518944
"315",63.1990248098321,2.22819009299258,1.59216962749093,1.44043793495249,1.09053601082317,-0.372541262155952,1.8113867552022,1766.90933262013,2,-1.70160558606844,99135,924558
"316",NA,-0.114063010801323,1.0414450031501,-0.70011133201408,0.526937354394484,0.241230577294322,-0.506916030331043,120.501807847297,0,-0.541757191015129,930051,403964
"317",11.5712237806794,-2.32840390194392,-2.07180232529592,-0.823648225572603,-0.256827926787627,-0.229587967345417,0.0263288888699773,794.487784603052,1,-0.062888698347059,853247,468708
"318",9.22129495543792,0.92559142352891,0.672111202949327,0.544302796054824,0.296778605138006,0.152928491070312,-1.95482601104648,-178.513598734997,1,0.702502462402013,644442,384687
"319",NA,-0.258768318651159,1.30433697036333,0.203155552562669,0.500745329331481,-1.00390244463488,0.78081830987938,614.686499661181,0,0.910547758857306,575661,600141
"320",7.2535570411039,0.121153263294723,-0.343669175019523,0.819335621837945,-0.000967353055798932,-0.158504294556128,-1.05531833370699,-915.963561460934,1,0.875314876774703,440140,191096
"321",12.1233572860547,-0.22048535053826,-1.07657141793493,0.970940825007333,0.564018882597746,1.26477286170837,0.559382943846545,1095.03561514056,1,-2.29067006100823,971572,341534
"322",7.39142300879098,-0.798673332483919,0.0304656998251016,0.159907499754618,0.139350173657714,0.764813681261592,-1.32113634723861,92.2966372114605,1,1.44231630432627,76201,749290
"323",41.3437075031075,0.589074119277349,2.51251205401555,0.376007927688085,1.31900353439202,0.00996078720183891,0.481165241608966,937.232261348175,2,2.02594952010929,800774,810683
"324",8.66939842409503,-1.36036763635456,-0.95411098103553,-0.910526081924819,-1.60340996701854,-0.350966859074847,0.282212741062459,501.160255227887,1,1.52214598318562,858664,405830
"325",NA,0.521478319387851,-1.29308395354489,0.935158980715008,-0.161431241927557,0.496326712610232,0.753916365971586,-508.949150702306,0,0.902973389419566,511337,848022
"326",NA,1.01515158074062,0.649902825593644,-1.03391892107851,-1.90678246721166,0.656016845843105,0.205925051663642,132.740401148353,0,0.784472732817019,659761,269536
"327",60.5567102068183,-0.326268897287468,2.34308194247312,0.776376298638221,0.665924016153469,3.01518695358058,-0.607740095944324,607.117561197574,2,-3.17043091842662,381233,970398
"328",NA,0.422334048592241,-1.21827527323363,0.0516548967306274,0.627027832001749,1.45170339077277,2.4038198614674,-488.940864567057,0,1.06401496228176,219257,902706
"329",NA,-0.904795710170969,0.320476894185715,0.348201888770532,-2.39494578608511,1.78071408050834,1.07386492546166,463.857468544165,0,-0.910289427370203,770129,629255
"330",NA,-0.721985013560583,-1.27256741973479,-2.29171590892545,1.10350430048443,0.374119883400077,1.22097019801142,-172.697747175778,0,-0.150238570976188,884739,926663
"331",NA,-0.556626594196555,-0.463433068054018,-2.69168043066014,1.0398347065088,-0.190985288792419,-1.30055053081545,-934.4347545278,0,0.970279791021392,45225,403923
"332",NA,-0.612077454856074,-0.543529237657234,3.34123603818958,-1.18788576736139,0.226143941508438,0.147517821949846,1070.91910209346,0,-0.904854596150563,468731,635305
"333",NA,0.830407728351066,1.5583626223667,-1.67572417503018,-0.813730243855035,-0.495694611752038,1.79387568931971,-958.086664868892,0,1.16910608332776,444704,704477
"334",75.088517938202,2.35850271130322,3.02384655357035,0.673085022562957,1.45122623294755,0.8145137682309,0.0661550177076299,1750.08745493846,2,-0.757846261821838,10673,158413
"335",62.4440476254018,2.46305605271695,1.3052704569832,1.24368970115807,1.56032505182315,1.02920923196056,1.03169894059164,1573.33199678195,2,0.681022761418669,588911,312298
"336",58.7176860670474,0.614589375275615,1.35374628369334,2.00196260455676,1.33993668171082,2.7514025578691,-0.638561454590157,339.402247868315,2,-0.221032437549158,558931,150546
"337",NA,0.163582910125592,0.206917021457876,0.0358753741194126,-0.825555082377459,1.22585931122293,1.39990243266865,-1005.1012014761,0,-1.09252934683277,747050,170827
"338",8.85306884627086,-1.12564867338634,-0.651151607668523,-0.365818812879811,0.799415964823992,1.47074551748179,-0.533392011687734,-376.930526464199,1,0.600222459905087,222721,722092
"339",NA,-0.0745731796415417,-0.21185658304878,0.788558122487922,0.54103019020345,1.33356539745199,-0.495063160669239,570.855355549209,0,2.96222068052307,212807,681767
"340",48.9599735561761,1.05394442955026,0.566848988561253,2.61778823603877,0.720998530472619,1.22222811523328,1.42425057483008,663.510806278155,2,1.71817504543371,327171,128740
"341",NA,-1.04488571852431,-0.274863588275694,-0.315661279853979,-1.11541551746079,-0.274660938398178,-0.0330733217465612,-487.944638607942,0,3.13797560559928,637912,356555
"342",NA,0.141652063166033,0.58213771493985,-0.577705459419637,-2.19491176161692,-0.873836067251358,-0.530366210554725,-1203.98281901337,0,0.400829882300585,940923,905690
"343",NA,-1.01252380411298,-0.125540421528761,1.21469105100256,-0.911187192301359,1.46831360032257,0.183765277451018,1667.4756487292,0,0.473357290707557,402608,18062
"344",NA,-0.287224435114199,-2.01041516186625,-1.01598593833532,-0.105711391222363,0.15384643797073,0.041449430855791,286.537813978525,0,-0.126934215410962,712105,304065
"345",NA,0.480467280799731,1.71124387571566,-2.24054348939973,-0.237084933333787,2.22423252255164,0.41159859045714,1700.89833465299,0,0.085420502188221,703966,219790
"346",NA,-0.738328332978617,1.29353277947598,-0.319545059844886,0.179568800300841,-0.075506031186266,-0.646697584854684,15.8634676461098,0,0.505268205804807,504780,421633
"347",12.3622245546265,-2.60067602779083,0.54989713898356,1.08954448232774,-0.31935789172949,-1.85368581217494,-0.852220083020924,-253.707791005693,1,-0.295841810475003,101620,514846
"348",NA,0.48459828401664,0.730072663617215,-0.306674466432884,-0.464931878792452,-1.27622477564355,-0.0815145804362808,-592.935317752984,0,1.79131211933688,879310,631675
"349",NA,-0.8184406466902,-0.797797479609883,0.681858494584915,-0.239959352989882,-0.310437779129465,-0.0218093098901926,-382.312908398485,0,1.08776984392409,305432,938755
"350",NA,-0.881348202361967,0.395005364559515,-0.246236166445937,-0.328590522946217,-0.294628389342227,-0.116184645250077,1028.39112325054,0,0.462702618459719,618387,959867
"351",16.351639246398,1.2572440633182,1.06612205842537,0.95224557681241,-1.25668372418156,-0.134924976765903,1.78056251546353,-491.100621606552,1,-0.33549451095102,286598,131855
"352",9.48597870319986,0.375704970155278,-0.742760369123408,1.63625467815567,-0.184175466695785,-0.0189444040342329,0.0765094074022552,651.517417729907,1,-0.865881941896792,305267,184389
"353",NA,0.402303002903732,0.143678424278094,0.304924763519481,0.532552948786177,-0.578417639522712,0.655287347752481,195.147785257556,0,-0.369658034331441,967033,741509
"354",11.1595843848788,-1.2474275674419,1.10966735665596,-1.13531341852472,0.0760846800225244,1.49648100999192,0.190219384769005,-637.608864217626,1,-1.74465025236842,743871,547364
"355",13.4575283227309,-2.00245991272335,0.96066507257123,0.149339449493509,0.155793291439116,-1.31361696961527,-0.350862321277299,1606.96765673042,1,1.53819950491125,902241,120892
"356",NA,-0.0598868129638432,-0.716360982515682,-1.25073740237146,-0.0823575396381724,-0.159954090115563,-0.507259407684182,1854.06111831324,0,-0.0700143612047374,728409,903052
"357",11.3058899034295,0.733227893889678,-1.17918753298249,-2.27091019255267,0.272337365546704,0.79498965439255,-0.781627170392575,841.21710385216,1,1.18287175176185,828026,935848
"358",18.7924951522512,1.61705828688786,-0.865857243753908,-1.30701929665831,2.10094068420492,-0.90765129813847,0.202738643255922,134.422918702124,1,-0.563137883861212,620287,410086
"359",NA,-2.00312306055855,0.136986673794134,-1.55636967414631,-0.754484767249218,0.263897596491871,0.636753986061481,974.1693647583,0,0.0123618376818571,860312,309083
"360",NA,-0.144507327843444,-0.102716410928937,0.525743942111685,-0.267599472430755,-1.28040166120999,0.161753131426992,-1343.13963672533,0,-0.578360421247723,100369,261428
"361",NA,-1.36306198795405,-0.0401070922032066,-0.693458360891083,0.792523391832478,-1.70535451667341,-0.876857772862535,-1549.80538641199,0,-0.18993876316524,684456,102487
"362",NA,-1.06419469739722,1.5742428777699,-0.989850755975143,-0.504678835037115,-1.29362754158567,-0.618428833894552,-338.168769350298,0,-0.58056920838722,91583,80875
"363",NA,1.62854734150508,0.0392108449166001,-0.804183106308573,0.608270668728002,-0.153041010488338,-0.0631638784138471,-133.031310895521,0,-0.179570301647796,841508,862299
"364",NA,1.06582129274914,0.636045230364079,0.34900163079809,-0.857717604092123,0.980127227444325,0.716441372463333,714.467120274489,0,-0.122529761198382,586285,587533
"365",NA,0.617246472904097,2.14742665847631,-0.392481980696665,-1.48095794367319,-1.04090623135687,-0.462547730629435,55.5369750169084,0,-0.0235111076858692,608807,637886
"366",NA,1.42241016627678,-0.208993728185494,0.169793019931543,1.36922919503497,-0.781702180569242,1.65820734900835,938.289585684228,0,0.308683374839641,302123,140793
"367",49.1919627901985,0.0703133897283567,1.81882934531449,0.579654035376143,0.44692530667989,1.06247816243698,2.08637236313326,1799.3244959474,2,2.06212861887989,84649,421403
"368",NA,2.05043479121249,-1.04760363272078,0.0896797823661333,0.524377298439014,-0.372210995403184,1.81805888105375,-967.213851840057,0,0.171370917941666,667168,374350
"369",NA,-1.533295178426,0.723330125385777,0.479037387686091,-0.552114291277947,1.24248805966835,0.891028894454226,-1145.90308050844,0,1.27573357362066,345828,877153
"370",NA,1.69378103944689,-0.277382103933818,-1.3083588338855,0.468506204494963,1.85308597874589,-0.598164602232293,1981.81336222628,0,0.690883713000863,304973,147984
"371",9.52104050798425,-0.587952705642528,0.294726241095722,-1.78417598547731,-0.635945386571598,-0.539254626761899,1.09905451186444,109.583268002622,1,0.48354265206816,291100,210833
"372",NA,-0.950632052688286,0.421046442639488,0.844076117460881,-0.232284594131811,0.925333579187905,2.11284985934894,-1138.03261907636,0,0.291250304684673,367898,153679
"373",NA,-0.773984612892796,0.94832577292366,2.58828348186053,0.49760809239226,-0.920407109609272,1.64787414589371,1208.74574862764,0,0.312376188380339,945491,574122
"374",NA,1.71151401889572,-0.646380665266568,-0.508170935841786,-0.11742348280842,0.100084024680947,-0.294842177619415,2011.3606094209,0,-0.63457828727213,19048,332867
"375",NA,0.340597782314548,1.38366555930773,-1.3825647798795,-0.961025590712293,0.357987038496883,0.459280265748678,174.138703574013,0,-0.46777983626825,189628,643925
"376",NA,0.301504455014625,-0.552914658989098,-1.84896361661627,-0.108307795767015,-0.0801023389874971,0.659176500065991,468.990371530746,0,-1.65845896141253,617835,109560
"377",72.0729121879181,2.54093592082637,0.201573406702981,0.557739540214993,3.31046978333992,0.648385603935625,0.918662190141895,912.804685288404,2,2.03309830871441,709945,616519
"378",17.4757781813518,1.51097357978877,1.79215696450482,1.27629588902104,-0.895817207846569,0.146184835242905,0.286406087349332,745.34983682964,1,-0.314865560213078,598670,566414
"379",NA,-1.11996684715108,0.0606641431734169,-1.32955481776204,-0.847786505971094,1.23533910950382,0.879814782984616,306.881860136413,0,-0.338577677855371,678581,223745
"380",NA,1.06964684234461,0.48919584805004,-0.839408673318867,-0.417894337101484,0.559196875611677,-1.11920914528661,-1453.18926712264,0,0.0730302106851543,711967,578153
"381",NA,-0.221590689991114,0.718144372251755,-2.96898867836471,0.406129311295321,-0.838228566850516,0.0269831788641031,-679.289727621234,0,0.545713601833535,623520,440127
"382",NA,0.241860601946352,-0.0279289038039298,0.74471641030504,-0.434209717934969,1.55619975895234,-1.01734471455814,-33.2436172039464,0,-0.203426980485448,798659,528543
"383",NA,0.229793919205694,0.207983470050292,-0.0216406080601372,1.00620253959044,0.0405471856281619,0.230376011508704,-632.09363672072,0,0.853374087641814,515801,840362
"384",7.66520154315042,0.636670529150346,-0.99294047694369,0.824558413726647,-0.424830746694421,-1.39037371158872,-0.0783957029834852,-784.485116574339,1,1.64531578258076,679810,270673
"385",8.46536133090763,-2.40171743513524,0.425340737681837,0.0508942790292081,-0.776035771428112,0.875804810065698,0.0403834589326353,-117.583819905204,1,-0.716339104911895,247737,235266
"386",NA,-0.645058011193243,0.995130902575349,0.925201167982819,1.05538851631308,-0.730221897641608,-0.592114745159589,708.712077070632,0,0.734167959837736,160360,982614
"387",NA,0.519593392438394,0.5456852114808,0.822091994036077,1.40863968994929,-1.5740296639766,-0.277683468063352,-605.752646860709,0,0.984081805928958,462327,313483
"388",66.994370434036,1.13546895707961,0.120509300787305,-0.534457367477566,0.152903103587906,1.38541761644651,3.63691401226063,1125.87156292382,2,-1.55459764717946,362218,661442
"389",10.0748178432209,0.647842932193973,-1.57577870669059,-1.18592883357194,-0.0402014564823781,1.31050630266632,-0.469949398782065,151.271904802195,1,0.11258346692451,167109,544994
"390",NA,-1.37868743809925,0.396874200570102,-0.186926739042061,-1.20671662775827,-0.680570040396138,0.146300159752022,-679.691037603691,0,-1.41950586411452,608318,989878
"391",NA,-1.45509608112304,0.259360889412367,0.235493785574804,0.42639349169597,-1.46773970436535,0.494192189950037,-200.939277849823,0,0.323776029161253,441389,290229
"392",NA,0.798851831551493,-1.68987821121649,0.651693866942318,0.260062984433273,0.189261234510021,1.44746775749272,2584.79379393935,0,-1.30864242925235,144453,724179
"393",NA,-0.313645873839504,-0.277559749739075,-0.836390242110701,-0.453818298380864,-1.4714386945368,0.368498630203113,-2346.73159382454,0,-1.04777145830992,722785,735538
"394",NA,-1.90015625885422,-0.942944547697207,-0.822591768793574,0.139636894438298,-1.55312055929411,-0.0583769830349794,-559.145114271776,0,0.941700897229929,501535,429741
"395",NA,-0.157767113624882,-0.486240634738186,-0.830531022373027,-0.792905067668486,0.109649513436732,2.6521486146565,-2400.88448889847,0,0.754649445412382,78303,571508
"396",66.4831259327803,1.67680921362657,1.44661257861822,0.530616441254779,2.38323592938381,-1.16175558121668,1.06106988503446,2426.30879217294,2,-0.110648087126701,189376,636961
"397",NA,-0.80174302202293,-0.92556979907141,0.73592330028308,-1.25664778838669,-0.758447223473991,0.784019150470831,-1313.58899909572,0,-0.214746682415691,850959,197900
"398",NA,-0.149448364492572,0.144876649523655,0.529568957867221,-0.0891748534160396,0.833379889602658,0.0350422411466576,308.077399503684,0,-1.14986981491351,431230,828834
"399",6.62502923160768,-1.65943330485805,0.683663084399187,0.0517226528983327,-1.18851573071582,-0.307651505946589,0.022465085062604,-111.651737610691,1,-0.806720159901468,793206,646882
"400",NA,1.37712541075479,1.55241767457328,-1.29722791332646,0.424003526669261,-0.694198924036425,1.67656258492942,-434.483262072925,0,-0.199705656712618,489605,44086
"401",NA,-0.045964571408973,0.114215555563181,0.638002610789377,1.5655770337598,-1.16177613624724,-0.689094709615904,-394.608628795295,0,0.476604760696755,280457,198089
"402",NA,1.88970892872977,0.681386889070857,-1.43289486279905,-0.411069661463006,0.0381802312247362,-1.83385428329777,-1863.89641669846,0,1.7976589419148,619124,764407
"403",11.6850692776116,-0.205932395807899,0.44351255891398,0.306274055989419,1.73315444954101,0.127716470513792,-0.313794921240821,-511.02620428997,1,-0.172150786587846,422173,976241
"404",NA,1.19407691194963,0.430978226021958,0.79660905784071,1.28144836720946,-0.589073159563125,0.574098225898455,2156.32242790066,0,1.12666979754714,978146,32420
"405",NA,1.30696789368053,-1.8508091768851,-0.671091039097092,-0.363187872077826,-0.768662262171965,-2.11845296344802,-1173.2528817984,0,-0.544235667378318,964637,572717
"406",NA,-0.0795727844419191,-0.223092025726017,2.39616860568419,0.633473945998071,-0.34194739541936,0.620706915572143,-1410.66991291121,0,-0.193002980648575,115130,245492
"407",NA,-1.139935276281,-0.67986855699574,-0.0581300591423619,-0.451378196908161,1.27214776176889,0.492197350365657,171.11682029055,0,-1.03619164001078,833570,974190
"408",NA,2.13415067860667,0.596195860834058,-1.48913196270168,0.186148934775241,0.354720686259546,-0.420033936620193,895.453728562167,0,0.931643158857107,89579,90763
"409",NA,-0.00286187954092215,0.436762523213597,0.230878551442353,-0.133244976579107,0.240811613510757,-1.70480545687057,725.881888298606,0,1.3162131508019,305746,28829
"410",NA,-0.3214993880708,1.52925126868374,-1.82814942983644,-0.946381637936195,-1.12933519027157,-0.733188818152512,942.642019636,0,0.462060332755328,752536,615218
"411",NA,1.46999881780165,-0.372992555384735,0.121399802407655,-0.031990240612174,-0.621527368018076,-1.4378416682643,-487.444223776009,0,0.0773873212232386,374044,548197
"412",NA,1.45156032277577,0.708806540311797,0.288125077277309,0.719232733126464,-1.12367180157571,0.725032797834792,-1878.43681944436,0,-0.354285159980311,463537,141591
"413",NA,0.512878393176411,0.027919514863473,-1.69722997741075,-0.794142454021477,-0.318909073992332,-0.431821560526065,561.180286469446,0,0.336540762237942,977477,289690
"414",5.86899150370781,-0.516058967883749,-0.515101507233523,-0.00898976194958649,-0.340884802252608,-0.894436713275403,0.697378750782841,640.839002607175,1,-0.414539192077542,506452,71974
"415",NA,-0.259415888178051,0.203418810774532,0.659019955133108,-0.0725190261734308,0.480977197556982,-0.714058490762287,-890.193221760836,0,-0.85403624801192,586496,972488
"416",NA,1.49245085427786,-0.681351726838244,0.098802425158926,-0.159186123774172,1.07605684569201,-1.06163415487115,589.125856669815,0,0.902388092990829,543267,739684
"417",NA,-2.57937967030952,-0.477658865622505,-0.413082869852448,-1.74943899686094,-0.307931384741932,-0.113821721746164,104.951791422506,0,1.86054973870223,885500,238621
"418",NA,-1.430915392279,0.232406134055169,-0.899316930510434,0.378193276748778,0.00744217407004231,-0.858981340801311,979.138772732096,0,-1.38400304969449,54560,593228
"419",NA,1.08290227549098,-0.0382170449348817,-1.4372455579634,-0.925061091495704,0.774098487828488,0.243765557723496,-691.747085928769,0,1.76734317870666,838721,613471
"420",NA,1.20716316835317,-1.31588944468485,1.15657496444121,-0.373037615152184,-1.05873542586155,-1.43114902529416,47.8717584745018,0,-0.176834716516421,164933,63236
"421",NA,0.0236912766998239,0.511948590388353,-0.444185996561755,-0.289814652525125,0.974660420599623,-0.50382016126893,970.761529477065,0,0.916908116262168,226001,727377
"422",21.9815841780832,1.23343820833748,0.578438075709387,-0.354594270156686,-0.00598649932287199,-0.0933751412517065,-0.508752611363557,1572.93159743197,2,1.67088047330005,297006,544824
"423",NA,0.70548677347227,2.18753075442463,-1.02676603241531,0.188961630486032,-0.158377907504028,-0.917420824831686,-1088.91900947347,0,0.262326685002642,424536,76423
"424",NA,-1.48150835847239,0.221062040919028,1.74695229501355,-1.01931818020294,-1.25981089107316,0.643553272626738,-1608.50630338315,0,-0.468152215244823,601084,29889
"425",63.1524154043187,0.383337970206779,-0.709527117000485,2.20607265997484,0.80167589794575,2.42775338348668,1.23920868708987,1965.11075466687,2,2.04168438519163,331775,509595
"426",NA,0.753882846398434,-0.583947345751994,-0.620343469336097,0.183955963274293,-1.35002967087183,-0.710385653728679,508.816840766239,0,-0.266396859603121,267200,888476
"427",NA,-1.05583387727637,-0.474341371645117,-0.506372748075946,1.3798114953593,0.697353445835257,0.091702381575148,-1152.74547528699,0,0.328119806026843,179755,67844
"428",8.10188453005831,-2.10907547669473,0.156982078133321,-0.162128779301545,0.977828105590076,-0.559351012652083,0.0951680971946666,173.31376294354,1,-0.0068662953130223,818054,85043
"429",NA,0.835776512633059,-0.169894906210767,0.196282219806157,0.728907282565073,0.424902858686232,0.240622805300732,1110.30463269884,0,0.670313433317297,662568,964742
"430",NA,-0.691747495588909,0.187997758217741,-0.541015913718208,2.28497518385089,-0.765360375067089,-0.594840373735418,-355.36852906401,0,1.51590733831659,937629,156286
"431",8.85654833410409,-0.354624204781607,-0.285751755453608,-0.318287820546431,0.665346759009105,0.05802870871088,1.20116644284726,1017.701839469,1,0.66292740277543,494934,756863
"432",10.8104712708063,0.44483377262551,0.18627672810797,-1.10976773114161,0.784571918273542,0.628918403656018,0.51408951599452,-2300.48856531026,1,-0.425357987124829,80688,360695
"433",34.2889686047017,-0.669157744894769,1.92331661398489,1.60113690309257,1.02729128919436,-0.744988570044313,0.49266463442036,395.418869805178,2,-1.0065767081243,359272,150206
"434",NA,-0.526112969579995,-0.229181121772488,0.708620194513953,-0.578229987480707,2.17426578324392,1.79927761182907,-785.04889965624,0,0.355854038330106,63086,5254
"435",NA,-0.215015371201517,-0.654789490420211,-0.648860951322303,1.81483284478998,-0.115173573121615,-1.25987459994862,506.03472686219,0,-0.502253295855288,965796,971376
"436",NA,-0.0387167371896409,-1.58569354225013,-0.827154768937249,-0.882942096350804,0.983621673791821,0.431318693898661,1203.40066867304,0,0.254643788713944,264908,199952
"437",NA,1.69006756977421,0.899303646360312,-0.722723070392148,1.18538108482623,-0.344528279582573,0.696654221894486,1553.30112530083,0,-1.27729582916773,289107,782879
"438",NA,-0.215436542149152,-0.71390079835001,-0.0745086458942597,1.13182039403229,0.470080855556652,1.78278166938855,-237.905545454185,0,0.964201741616914,32058,589006
"439",NA,1.21894789351794,0.56697597965073,-0.821560232808127,0.865200948311292,0.510891775692641,1.17817119431011,600.759099464374,0,-0.0457865634330176,840671,842523
"440",9.99268524732629,0.309782744844846,-1.41259841374603,1.30536430593905,0.441789419208651,-0.233787319649105,-1.37992022879048,-859.51249728347,1,0.628616666914215,62115,617311
"441",NA,2.24936944879507,-0.560189577386463,1.91689616088082,-0.939796862442305,0.967033371568835,-0.789249969626981,2347.79742788916,0,-0.583085301501657,469563,116502
"442",NA,-1.63335856719315,0.822563150112684,-0.468152100609571,0.0432990270074651,-1.60171830009979,-1.04474934594028,-57.9714872252087,0,-0.975953731147139,901872,49275
"443",39.2128937994117,0.280617743299614,0.732461305603517,0.32403714064124,2.52079783014987,0.575915248938163,1.24703364285197,487.10284214077,2,0.0911665763829856,790282,714160
"444",NA,-0.180606108750648,-0.221845715347256,0.365236882471946,0.242597742703206,-0.262284012709048,-0.573051588295854,170.460022506505,0,-1.00640829178342,308928,810429
"445",7.49707710482554,-1.36072661564345,-0.140379651826907,0.243192458692977,0.279444334707603,-0.15161284424264,-1.55200239272907,-1144.0298725737,1,-1.16403548813865,991137,611916
"446",NA,-0.818439315666214,-3.13637413566758,-2.86140368107076,0.274152642721057,-0.291132952469577,-0.30738262299646,-1384.75007525354,0,-1.36679432744563,292501,418018
"447",39.3250146040436,1.5426473495384,-0.285857496221464,2.64110727427511,0.335191724917947,-0.226410008379823,0.482330590666617,-198.468458052672,2,-0.146720075847104,611182,715783
"448",15.7724592777625,0.257771922256242,0.0511314883912636,1.14650552409681,-0.378025906672949,-1.47838929974222,1.91242880307094,1295.44563799085,1,0.0929457234983694,811691,345712
"449",NA,-0.105009750760946,0.115601614690659,-0.0373372482258607,0.113079691693824,1.18700110000248,-0.404793122301375,942.323263801812,0,-0.672160103784233,117270,583134
"450",34.8123483378866,2.20546091349164,1.63298776014337,-0.00180387413052907,-0.104536593454576,0.754312382228626,0.350909137779245,144.128533752768,2,-0.119190223001939,131046,441224
"451",NA,-0.507127988429179,1.25567020116233,0.510736753204553,-0.454767156605679,-1.69276013189035,0.799361461100908,-124.81909379811,0,-0.118222720113516,685452,542790
"452",NA,0.0791960544188272,2.77567535284306,1.00147834725954,-0.0371758450965481,-0.169415741621421,-0.181025082445144,1826.38713883317,0,0.550286473794011,528717,909968
"453",NA,2.19097942240675,-0.466388321476485,-1.11365995411243,1.58674497334815,-0.365370684236058,-0.402949048331446,-1546.2810891883,0,1.61725870910814,614439,350749
"454",NA,-0.367753032528297,-1.20431494985616,1.68423004323989,-0.509796102049348,-0.277512610982188,1.21521920604153,726.900859055832,0,-1.41101630254563,748453,430347
"455",52.5764475590426,1.59260546586223,0.810386678014122,2.71624412863051,-0.413927439240681,0.605712492338174,1.05851360561038,-413.777787940165,2,1.59515438013553,73128,243537
"456",12.2147614176839,-1.1097994402037,-0.791267066580275,-1.19515579213698,0.435170114134221,0.438470320442301,0.975088224634083,1631.72890410702,1,0.5783310398057,39019,421545
"457",NA,0.0716690339727526,1.54778683366548,-1.06148003343245,1.22777069988981,0.36949613341072,0.387725363312011,-1017.30798504475,0,-0.211899123438187,271721,869023
"458",NA,0.725215969079536,0.936110168742289,0.286645122555476,1.6862924077903,1.4067744754259,0.648343001097724,898.955822068877,0,-0.00936999498022302,367725,582543
"459",NA,0.265951706141013,0.676575651210178,1.0725353493457,-2.49213387065266,-0.819180986433078,-1.06043994011538,619.402453668531,0,0.358559149989362,674490,162013
"460",61.3097936752998,0.617144954415922,2.61623768778988,1.53002507827788,1.49317141679258,1.1573515599013,1.79607115914649,433.153191691866,2,-1.097589522222,658200,976648
"461",NA,1.7684001809289,-0.0895960705802297,-1.14318941819052,2.2573305990929,1.18386604822647,-0.631214856303919,-118.214227800245,0,-0.591727374439178,542440,154534
"462",10.4623515018804,-0.234949261891391,-0.196038992818764,-2.0170216015644,-0.82145209216696,-1.46611060854835,1.11976342361653,542.804488017538,1,-2.3967559702738,663271,563042
"463",90.3220707064719,1.4884351639962,2.94309331075302,0.40920012227994,2.93455265283629,1.06102374370824,1.03969011959814,1393.12208274529,2,-0.582334992888773,920986,250287
"464",NA,0.22004369180157,-0.21258526173943,1.84133231994988,0.389829772325332,-1.97050809095924,-0.292536702377682,-1041.31148234223,0,0.0689891876575227,315415,679562
"465",58.390648757849,0.108965941533492,2.05476117965737,1.34971608427724,0.427708894001447,1.83130466826019,2.08548883162029,1014.10247683514,2,1.25071988009234,570356,150578
"466",NA,-0.0807894471381196,0.210715412397566,1.0099224890432,-1.82770350918185,-2.11837296990291,0.966981776943575,-456.997921515001,0,-0.862029131877628,164715,947654
"467",NA,-0.241772878920048,-1.13651621724448,-0.257773813442724,0.343427668424792,-0.274706407610492,1.64756448577176,506.726745700798,0,-1.38168636573326,850132,913702
"468",92.5640953135462,4.0710987795751,-1.42921471245839,1.32447849063961,1.20628036500284,1.11959694323812,0.965069615346609,1407.12041518548,2,1.25718405335398,422140,848186
"469",NA,0.841200378185444,1.04985261445249,-0.00944021265299058,1.23327962303496,0.857179626030928,0.372813851629848,1303.73507178133,0,-0.837383983901231,29245,732755
"470",5.34504291383066,0.414101195860615,-0.0610061484730583,-0.483348923798661,-0.854882147812722,0.52643088284739,0.134415933882719,-239.923238151586,1,-0.861392923124984,751204,163773
"471",NA,-1.15785821167468,1.29862160087991,1.16198700888526,0.701909989271958,0.118390632719795,0.816172111108633,-2333.37131280158,0,-1.29138660073219,133540,913952
"472",NA,0.0213363593617101,-0.550029152179129,0.167845564270535,0.0337453751364431,0.254150428249186,0.939769085397778,1684.9019552626,0,-0.333862709026146,192454,906201
"473",31.7885842652854,0.0317001873769629,0.599187772247543,0.997638571648683,0.520225475606352,2.23218445191587,0.556880211147928,11.8616267662165,2,-1.69102129647301,432878,230418
"474",37.7878601743423,0.175160211009237,2.51015466184846,0.228234548243448,0.818877551643002,0.404797415830731,-0.0277803028556431,1282.03749345496,2,-0.139104493692503,545661,301265
"475",NA,0.322285892726878,0.427583330891642,0.131274590549722,0.0511844317693488,0.715605962598545,0.618440579197638,1369.77828656496,0,1.32548141122467,314973,390581
"476",10.1797982223324,-0.156149833400101,1.00215851314003,-2.41914598691981,-0.0413657900252855,-0.821889951591546,0.354270429868873,-1376.44845732455,1,0.431709742645558,181655,75713
"477",8.27189119183875,-0.534529042835058,-0.980811350191761,1.1629377164789,0.422726760351633,0.813083403173255,-0.169267841900394,-103.896894580559,1,0.0131804194939597,686823,8943
"478",NA,1.12011490962742,-2.89689964471766,-0.0893841514283932,-0.195850581477599,0.275068523323559,-1.46993871987135,526.382957319739,0,-1.34807797568918,279954,626424
"479",NA,0.709663341620603,1.31244955623902,-0.675241247331861,0.461602450060632,0.149692087953555,-1.02044303320957,-898.737077679026,0,-1.7307021918649,407748,430316
"480",NA,0.82404227070168,0.076602617768677,-1.65215896269311,-0.377523396604982,-0.846668082959724,0.575527207230439,392.681753827981,0,0.283067049929136,866568,460548
"481",NA,0.840174183342818,1.15299815584271,0.715367576636428,0.354002338923533,0.202334104385102,-3.21865515434325,-1207.14675119421,0,0.363586986201669,771079,253059
"482",NA,2.44178609778429,0.920168179094962,0.168495106256281,-1.0964411903485,0.232872331367166,1.29123417340565,-1045.95155440764,0,-0.41249956337974,677123,282424
"483",24.7554188993727,1.1002891389056,1.47625438949422,0.0480883394943907,0.82485108933491,0.229205022583089,0.47603767167774,558.091576363099,2,0.617058253404101,233654,630539
"484",NA,-1.89033650686301,-0.684679581784458,-1.17173815601731,-1.3106256848562,-0.851079184368619,1.56032811640124,-424.068104712353,0,1.10118257975347,959209,241545
"485",NA,0.620489379908847,-1.62035412809664,-0.115877489283282,0.00407021764754967,-0.440735160876606,0.256586005401732,-656.194086674684,0,1.64623184885952,772237,233546
"486",NA,0.998413387678057,-0.760269481437057,1.02839201043025,-0.625672470779146,1.7254764525098,-0.199150701221435,-18.5524824834355,0,0.0776746343092414,638067,124647
"487",NA,0.364596024842086,1.26829110744798,0.209449943300807,-1.28418289281477,-0.839744996079935,1.28449892192058,876.782395253203,0,1.68678948904721,683823,724711
"488",NA,0.0557015676707253,0.269980126274389,-1.76300517526938,0.937397754544539,-1.52166766955549,-1.47575640725945,-1530.68659241033,0,-1.43391162373377,323990,435621
"489",NA,-0.470521248096195,-0.153339436576882,1.18845018407123,0.940702537719321,0.485075225059211,-0.622021821108747,-1137.64307226597,0,0.880389544011752,530024,464196
"490",16.7889068588125,1.77365230923282,2.27928602465354,0.345285715111459,0.338085083682978,0.489520113552408,0.162843879444099,131.588705867693,1,-0.659716960863686,775877,194496
"491",NA,-1.10570710115796,1.48914408752373,-0.488410657742235,1.71079295468542,-0.44801620885731,-0.196693150083916,-437.803579220455,0,0.117830204267122,860919,847670
"492",NA,0.0808578544378683,0.757966464671122,1.66659802494931,0.427455273347558,-0.461695521279993,-0.262706072550461,-1195.28762488081,0,0.424527326717527,76043,67398
"493",NA,2.86922632082284,-0.420789876601138,-1.95362732710334,-0.750418342834569,0.539415933193356,1.23113933621564,833.720313313686,0,0.767726508042798,648217,637730
"494",15.4534750008148,0.413142868174316,0.668609070411938,1.56865435964365,-1.4664844171688,0.851398680381573,-1.3554445667236,-1827.36099231496,1,1.23739511487535,217328,280735
"495",NA,0.423947828637198,0.907822649745864,-1.4548666309839,-2.04963218069531,-0.0976320293977751,-0.663578035949021,-775.882518162786,0,1.88354920674957,384725,613924
"496",NA,1.04908833007749,-0.968106030527798,-0.465224312423134,-0.323513664062662,1.4961658379363,-0.700206238699889,756.91761617861,0,-0.355918008927261,964063,757135
"497",NA,-0.81062235267386,-0.311392339974999,-1.20562999770056,-1.69905659673981,1.82536984121451,0.794369953904365,-1093.30257684106,0,-0.464116396557151,476984,982219
"498",53.3161349501377,1.32903866375943,0.880731658887345,1.0694159327793,2.5419040905155,1.29747801670839,1.43051744991082,-8.14064864321962,2,0.55144052822406,621309,569120
"499",NA,0.548832615402912,1.79092214762173,-0.141122712884033,1.43987907907663,-1.30376826857703,-0.532771487260796,-1203.75774952371,0,0.558792610462044,771571,869786
"500",NA,0.84650669056343,-0.704561213119731,-0.0190205629331728,-0.378063851272104,-0.710989295644779,1.33948059772747,52.7584198321063,0,0.968290337833547,663519,452487
"501",NA,1.05000173865522,-0.188461041892642,0.378988091829762,0.642324607843937,0.372454112586396,-1.51592328036053,-970.684394302917,0,-0.375088397855216,59779,688176
"502",NA,1.5746529755138,-0.17803915621217,-0.316907786536106,-0.706021302963208,-0.753717467941791,-0.905934634183604,-179.566560335171,0,0.763646006107949,971674,155586
"503",NA,-0.567893938565137,1.11493279653584,-2.66326899602875,0.432964865851213,0.0420413532975978,0.998218155563223,-167.448977660811,0,-2.0018811354162,246856,972195
"504",23.4562519653689,-1.01493501380086,-2.02910590634769,2.65302019375419,1.24589367974675,-0.93205592683239,-0.737714858437623,1118.25284779588,1,-1.24941219195776,247230,584411
"505",NA,-0.570031749007866,0.534859693865894,-0.0301385349248733,0.542677461621247,-1.55257684417702,2.00887704283762,1366.63259628118,0,0.495038404496916,468364,14550
"506",18.1633966553558,-2.0252940963701,0.20772262359719,-0.164750584207253,0.575427014840009,0.708440702852714,1.01482063351287,2322.20283968997,1,0.256857600132878,257304,849484
"507",NA,-0.932016475198406,-0.557018623182254,-0.573870577328182,0.863636826420017,-0.289218437406573,1.42418969610008,2453.19004420818,0,1.92305149712265,170693,964142
"508",NA,0.305579896251825,1.38910365823175,-0.941969764093164,-1.26314188798099,0.818161266169171,-1.34196743665324,-367.616389481479,0,-0.558945255068311,352369,369535
"509",NA,-0.277370763244781,6.69536330237242e-05,-0.579031381140694,0.659362422789259,-1.46772623184893,-1.7646836324167,1013.36793120673,0,-0.376505206079543,734276,862583
"510",NA,-1.16272458875236,1.97228814104301,0.955889669783651,0.569845376751696,-0.769199183085878,-0.564184658828925,-60.5201913529222,0,-1.50340366343626,449180,471779
"511",NA,-0.134717597994604,2.38615226677089,0.784392091517623,-1.15365628181865,-0.000727407924881482,-0.639482063871687,-87.9383322912091,0,-0.148599111050503,372260,264776
"512",9.21903036262611,1.04405360007743,1.32532988687111,0.866952573060458,0.495049229609572,0.470423353697353,-0.704941953316471,-163.208443501983,1,0.848271102471625,533940,776077
"513",NA,-1.3039354660289,-0.134494500453629,-1.71925341455453,0.306715428265747,-0.483383766612456,0.264075792829465,999.618829792103,0,-0.85652818900798,271093,833249
"514",NA,1.71001382699314,-0.0625056558261372,1.38821619118746,0.92292129348068,-0.834303699175211,0.352278096153671,72.7142189915746,0,2.81714844903281,309416,880244
"515",NA,0.199424664219666,1.43362999351005,0.0594991074026441,-1.17586707809944,0.456800698344597,0.0245164494838211,763.920196437959,0,-0.831972194022551,636283,315047
"516",NA,0.251831925807077,-1.8886904609821,0.417315822681521,0.706018442819576,0.406403831839979,-1.56870906286932,-483.336261961153,0,0.0816047437461272,960377,929692
"517",NA,0.515660867602523,0.0402028667950143,0.481405168744538,-3.40916651660838,0.399670573537583,0.353909495713124,884.37522111917,0,1.70954557221383,397415,168658
"518",NA,0.0895899541875742,0.971830184609016,-0.776146574638181,1.21504538260622,-0.346415294090844,-1.41895626269685,-1446.22678903828,0,0.0446695106389081,519404,9709
"519",NA,0.677118027995873,-0.190911408864938,0.0392628517951554,-0.273455504929061,0.728970618353648,-0.728634916108571,-359.506429405323,0,-0.475363230974842,563989,384266
"520",NA,1.45609043787097,-0.662853279370093,-1.60441590704194,-0.655215233633576,0.810142060216109,1.64569037910521,-1064.51291235154,0,-1.50534225183485,210857,166728
"521",NA,-0.268633221206858,2.15328413142078,-0.62986145873189,1.05255640531023,-0.369655702675359,-1.5650894463955,-92.1680266883283,0,-1.75455833760206,927376,835894
"522",NA,-0.336850858929114,2.10997525896301,-0.584480113703409,0.455281257773189,0.54765830264159,-0.063479981529547,1972.98230696183,0,-0.0377165978381119,402880,838126
"523",12.7718834860911,1.09438146901388,-0.227259518413334,-0.375729046602445,0.883256776818617,-0.889445291689789,1.7956783892839,-1474.81850413154,1,0.250782176850021,689910,125640
"524",NA,0.0952427110849152,-1.17982577479837,-0.534799948120748,-1.79858717370924,-0.141048985186778,0.604686678992918,-1669.65317605009,0,2.56781482311933,257941,115129
"525",NA,-1.12134044499927,-0.364360029736935,0.607684524012729,1.18897312493087,-0.665764625239426,0.473487966588944,804.640686595634,0,0.894799725346021,723568,186956
"526",58.3418109631173,-1.03728613060645,2.45416412079329,-1.01198029310488,2.85228262617166,0.0702754405524479,0.113798792969542,866.343988974068,2,1.52557719208267,871798,228787
"527",NA,-0.154821053127056,-0.150777758628107,1.58939752790855,1.01897463812139,-0.209630578589062,-0.907018709499816,-872.301021202934,0,0.146859737975544,771671,881789
"528",NA,1.71906052406109,-2.00494294603789,-1.3637738954517,0.0537768383849565,2.55078012422716,-0.361459088238561,-968.661294406816,0,1.99371043706686,560556,588257
"529",NA,0.706495156922223,-0.192334077974183,1.46346672020181,-1.62395517399388,0.334770991831949,-0.600322012466811,-1059.5614955484,0,1.14034720284836,172349,292304
"530",NA,1.91851784794607,-1.2739838643593,-0.463360138642005,0.919645800794744,-0.329062747336258,0.802738234149098,371.748316856202,0,1.09196009033455,154537,643392
"531",NA,-0.557744570986979,-0.535022232135692,3.20216753163928,-0.682097921810651,0.535607775902605,-1.51219968134491,345.476621116743,0,-1.47058317882558,657728,797918
"532",NA,-0.317467462996943,-0.968111991256537,-0.0177991442147191,-0.124759354037739,-0.337289749760877,0.791344603103647,1139.03374559908,0,0.436263695938243,329126,530589
"533",NA,0.0515208197104621,0.587453429724708,-0.420483954435947,0.229423624720099,0.702737789522558,0.716115877196168,735.064421214378,0,1.41037000006816,519828,125570
"534",9.1449661732953,-0.992556533986829,0.0383142125689908,1.10590476055269,1.24750920770374,0.505013005893438,-0.53898421097621,181.31725044443,1,0.451884798633436,146314,88276
"535",21.3351803951121,0.873605673782722,-0.262714859559514,2.0991740518406,2.11812140163402,0.252445725608483,0.441082949003558,630.646664562724,1,-0.825398418192367,484563,787388
"536",NA,-1.35218438449847,-0.965566507517152,-0.464266211178272,0.478266097033041,-0.31366572840246,-0.307575861841271,731.431674468134,0,-0.112975425930793,288600,749635
"537",NA,1.85712228203712,-1.24372409441674,0.350970266790419,-0.147981146474431,-0.921298149169477,-0.47958726873559,-1239.79192494913,0,0.819933321561893,368141,486455
"538",NA,-1.78235424903844,0.196451259359145,0.939104702518535,-2.67172011055926,-1.8100699837281,0.725270962997784,-257.882842188701,0,0.0138208269542221,753076,44217
"539",NA,-0.652062106124258,1.39694031067442,-0.631979812297178,0.250984867252866,-0.571008992366954,-0.328436761312973,382.874980861295,0,0.794570224103559,814290,128703
"540",NA,0.964945136133945,-0.753984322560787,1.36585264910928,0.381673091807897,0.334057556256739,-1.14376213048236,178.102934932939,0,-1.37021139445308,766734,874359
"541",NA,-0.0385017822190418,0.666450882708984,-0.266870814677138,-0.70035192580456,-1.09716291640591,-0.700630870233566,-110.621109888406,0,-0.75025128740641,712796,798248
"542",NA,-0.481340212334,0.770856922432725,1.42263937041473,-2.23303525435098,1.66549326293878,-0.15686845646128,1319.31844310884,0,-0.501162092213382,673723,292845
"543",NA,0.117274287680496,-1.20166070039578,-0.657029789791218,-0.460291100018588,1.30458165089391,0.179089569267462,-1809.34391795094,0,-0.557648543663619,546800,203175
"544",NA,-0.533274632051568,-1.98231030137369,-0.909619744220825,-0.248004243648647,-1.51614500500248,0.107151847265063,-176.264085354301,0,0.609620661790791,6014,786885
"545",NA,0.964527836167184,1.69497954688908,0.684250017556619,-0.157955627205446,-2.22078639332836,1.41966751061454,-317.662072209497,0,-0.34809980231723,492076,661111
"546",NA,-1.47163868300487,1.95228711258324,0.242258881693477,-0.165268805826298,0.331882510287729,1.0492255078609,-848.680422021617,0,0.695949173111496,915039,48730
"547",NA,0.571256448128094,-0.56994612828139,2.47187183153,0.567533268946408,-0.491665180993269,1.01082866503213,1117.99611560217,0,0.439927186483695,693990,620898
"548",NA,0.624895199310164,1.86178150337169,-0.880329540596665,-0.0820827744333881,-0.696616340995287,-0.717968294053389,-176.261082431707,0,-1.63344679594734,31573,124002
"549",NA,-0.795655417475103,-0.844436238921835,0.703845350795998,0.523593148358649,-0.00967126982060859,0.0760914991951711,-768.303799657243,0,1.40317468841856,478320,388608
"550",NA,-0.345810975637138,0.071776420411139,0.657037522203406,0.0485529970354169,1.72960283187608,-0.759100103576115,-141.128343316944,0,-1.7582723444447,792318,712904
"551",33.9780466994792,-1.19315419268189,-0.274173541322057,0.730108459328299,1.87974555582411,0.759474184452515,1.27371662783536,1117.16533927069,2,-1.14897942112364,225150,788123
"552",NA,0.667140974900095,0.521083128705573,-0.794310813537146,1.25319932334006,0.643986518931859,-0.374744636519491,1015.65316782913,0,-0.0705437878974433,20083,478335
"553",112.27466098813,1.15607252527606,1.12185708243089,1.56900949296028,0.124542318780825,3.57598904631542,3.13673115527857,2135.54637266939,2,-0.221321351600205,396271,487853
"554",NA,0.564185469749126,0.437039728405637,0.95365008444793,-2.06457420368058,-1.42276655890077,-1.49613472147231,-541.409089250888,0,-0.278066585456034,994275,264202
"555",NA,1.58826366980932,0.119938603996659,2.02543524946185,-0.952800503280464,-0.183293503955079,-1.3594480992906,-25.7981029481467,0,-0.62432378447925,469218,305040
"556",NA,-0.854670596314121,-1.65577860690545,1.95859097308259,0.256616919560343,0.135308523081273,-0.12571929624124,1373.93543318217,0,-1.60322891162643,6158,457285
"557",15.7054735112278,0.474280746876478,-1.97633325615307,1.98920730721362,-0.822519862727905,-1.09239179513362,-0.257914012655388,1138.7618642465,1,-0.723988676094049,526179,505300
"558",NA,-0.647179635796302,0.375013373116629,0.544159754606376,-1.18875914105004,-0.16778184187966,-0.835410786711302,-509.243590006925,0,0.407258692483529,285672,81512
"559",NA,-0.366799301075741,0.229004841634787,1.11293861661238,-0.310432911480816,0.418514181615279,-1.42212163994091,-1134.93085405219,0,-1.53925391469625,73903,135359
"560",NA,0.588715594891291,0.290102252525353,-0.785223693314948,0.164728182482089,0.543553747277679,0.193028036715671,222.414124165179,0,-1.86262715311528,113565,626789
"561",NA,-0.587562754747553,0.127707953255319,-0.0934496304716889,-1.26697966696678,-0.565149150102751,-0.340516835677372,-288.104309653085,0,-2.06290747979936,95891,528130
"562",NA,-0.263313358326663,-0.170824986266738,1.54274440275009,-0.374844023464135,-0.870611439828944,0.694538669994944,1512.95373350062,0,-2.06897707339196,222564,318625
"563",NA,-0.540271168746347,0.104892127216262,0.374336050368912,1.5046331034543,-1.03774613493208,-0.597826992116066,966.309284266551,0,0.580578105835296,443527,966531
"564",NA,0.945952590396369,0.0230594407264137,0.387508369650167,0.808332772715016,0.816180117182852,-0.116894385738422,57.9320846289325,0,0.275327203943255,346518,855584
"565",NA,0.558439879508518,1.28104728239538,-0.988194836761263,0.502309426305429,-1.52580703512577,0.07995047022895,1267.58306034088,0,1.9194516189185,267272,413024
"566",18.0663774304947,0.0646017831692785,2.53499461458555,-0.121968282168284,0.00676377597650204,0.187772632204987,-1.02259242022627,1358.49397363443,1,0.695226562418552,66773,344637
"567",NA,1.01647982539292,1.35238768277396,-0.067320692895789,-0.50020039371239,0.582365262434598,-0.736570219578085,-1125.71054737886,0,-1.9864556700913,241929,281479
"568",NA,-0.683397205303169,0.18328767574416,-0.662643414886674,-0.357505861999022,-0.170129357673481,-0.259065028841447,462.62357540967,0,-1.42220009387737,271319,843307
"569",13.6033988410652,0.177677647088395,-0.294368811358546,1.51219771189027,0.417279212634776,0.10377388004837,1.79420664491489,571.710514548427,1,-1.49506185421242,707520,98191
"570",NA,1.71065218355878,-0.339259775053908,-1.28210382156067,-0.461259057232799,0.759569690254286,-0.301282150879767,908.805248813968,0,-0.879512510021462,970458,865417
"571",NA,1.60868308746861,-1.05613519719313,-0.926365128657842,-0.00557397491664289,1.07294808921624,-0.141480834625268,491.602064942429,0,1.03116866085298,509390,722913
"572",47.4519134859475,1.88001044195667,0.262056909617273,0.873970137316824,0.0676020171989576,1.29550648355064,2.02875360878257,1419.6364737454,2,-0.0905431827517745,961396,980772
"573",7.38216138440595,-1.39187551113486,-0.54701569676515,-0.995015862252364,-0.493432844056076,0.643466499386701,0.795114710385521,766.966454942413,1,0.0759989610897754,364322,134841
"574",49.2280979700186,-0.247334821222907,0.806930655286399,-0.12646592468167,2.64364237853556,1.12329590940861,0.913986577852495,1776.86733623484,2,-0.698581824472385,419223,96588
"575",14.452920601519,1.1288342570377,0.535764804016503,1.99055845576304,-0.60318139108711,0.83017467166801,-0.889481178886041,-392.50629625579,1,0.244618326209471,596330,873645
"576",NA,2.51207972511846,-0.0610521887966006,-1.93813184415247,1.04560280924997,-0.00245978705662145,0.0168456358083236,507.684062511247,0,-0.168060320284114,425140,835722
"577",NA,0.331958768762797,0.315629002317864,2.46435743760857,-1.89081142942606,0.674154385508228,-0.264714442400027,1013.34452318139,0,-0.553176845068581,604836,779990
"578",NA,0.288399597856147,-0.584121724251988,-1.58182602089323,-0.434489748819068,-1.02677577824572,-1.17520792348945,555.577565622251,0,0.748426316765976,458548,255547
"579",NA,0.0490270696004668,0.0731584225576213,0.459862637821216,0.848806566763748,0.272282001856799,-0.130442663206722,-429.131133263622,0,0.664587529552179,525116,175858
"580",NA,1.48986269016039,-0.225118294649872,0.640574666088353,0.0390790484471359,1.05625731176269,-1.02191020026273,-984.356202543031,0,-0.393583574330782,206212,451109
"581",NA,0.0373447723558809,1.46217347416241,0.612426190555891,-0.258862520101339,1.29888179153237,0.104615282015493,-273.491438273203,0,1.25455304969906,457983,220319
"582",60.9362080440003,2.15635957541604,1.65469346418839,2.12579429470362,1.06535539791265,1.59988809702668,1.09204672522741,-415.377936164461,2,-1.87032533253756,4700,49186
"583",28.4874683403595,1.04419369160799,0.924421692566491,1.01633773632953,-0.670514823782646,1.63639543157325,0.0695713098087133,615.637552020974,2,1.8950311008972,951528,842661
"584",NA,-1.209075735549,0.0504273605033096,-1.30126880685365,-0.164933075872433,-0.42119914179861,0.538614942620467,-224.54396749753,0,0.807122735954444,948230,620239
"585",NA,-0.397621213307536,1.96469808461737,-1.01796189728658,0.58799526097958,0.0300122006100873,0.0595395502152852,-629.790394467929,0,0.316819259067397,16726,986649
"586",NA,-0.245830667833056,-0.49997978894564,1.16196639788725,-0.0450659168753986,1.26643238714449,0.743352434756717,338.264393551558,0,-0.274327311463264,302413,314190
"587",NA,-1.08477538944657,0.274828960566549,-0.383907586377518,1.06476216184419,-1.12784601188291,0.571784727835918,-427.857642076927,0,-0.148845031860463,173582,357136
"588",NA,-0.0215665009328296,0.559411125803831,-0.747862329985794,-0.376313105039462,1.1900552696234,0.297536445572607,-340.281459947717,0,0.253337893701489,369218,327467
"589",15.4845119891763,1.05223667023159,0.0926955997393214,-0.292117859452805,1.95668522463491,1.12215554551049,-0.218426348554864,-850.09132371109,1,-0.864510266783558,208430,126705
"590",NA,-0.22827564921077,-0.656118786795093,-0.0806856267180057,-0.99422062880649,-0.0841037050313634,-0.179433888449425,50.4182139514506,0,0.964760879302052,329574,931234
"591",NA,1.03979407446263,-1.92287505746074,1.02920299689929,1.4465755056278,-0.805707039106272,0.94913727291614,432.098749944595,0,1.09094226466941,362020,481500
"592",NA,0.636434181802706,0.151393391260618,0.626632410237211,1.60117465955395,-1.32823652226555,0.423615427328222,-386.363558990205,0,-0.980124798879683,789775,236831
"593",NA,0.573253921712884,-0.446201564141669,-0.8744125504155,-0.980031810839219,-1.98763855354148,-0.0594810115184282,1818.78269397654,0,-0.923003590621812,131756,139849
"594",NA,0.683063327054346,-0.8824719446215,-0.161515971628874,0.308923367014565,-1.78098763685675,0.464124705731996,-513.258010924333,0,-0.186057170536133,655721,663011
"595",NA,0.109591310932296,0.58848791969468,-0.376416314685485,1.11760134067617,0.19980716081954,1.2928155696986,208.153453275019,0,0.335230132456426,543234,952423
"596",NA,-0.179752797071043,1.09284948514813,-0.41074213196596,-1.74242648754809,0.74941408789241,-0.969532542099917,-930.500282754178,0,0.017141269355009,460619,67126
"597",11.0203444257343,1.62980168593274,-1.33107361905818,0.0168254632649975,0.781183687571056,-0.387605228226606,-0.715973035689042,-630.30570931384,1,-0.134384166140921,511422,568584
"598",NA,-1.28987773293041,-0.384549118053083,0.776166777148982,-1.24598653725293,-1.58403508649921,1.21225114965118,233.884324936796,0,-0.618120175402932,404444,713031
"599",NA,-0.597344996739286,0.0293432461802093,-0.855367946345185,-0.421755106582943,0.261093036379113,-0.854200292711438,118.827544004361,0,-0.11213362843675,59350,446477
"600",NA,-0.147164343172971,-1.73874600082676,-0.245962296810112,-0.675128520319861,0.931072453852152,-0.796977906279489,-1233.2335401765,0,0.172065654070378,863817,373767
"601",NA,0.726836476241106,-1.45997649648199,-1.42446362765682,-1.10763418319647,1.01357139562209,-2.01136240365762,316.250883894269,0,-1.05776059391665,778127,77700
"602",NA,-0.0914509975733361,-0.378004167618159,0.269480365335893,-1.96934354276017,-0.246417671307525,2.03358801751844,407.799652632355,0,1.09590294932677,314086,401693
"603",8.18280335992594,0.444834345961762,-1.92917886138905,-0.0924108262845744,0.41323193835758,-0.44600824002915,0.811786599292236,-146.142702327083,1,0.673973476465265,376290,528402
"604",NA,-1.65316460174562,0.54252245076306,-1.22382083610284,0.189073322910525,1.09219869013537,1.2910899387297,-458.671249766019,0,-1.41228992878457,106727,292020
"605",NA,-1.37674077979323,-1.09806298975253,-0.379689767593429,-0.960880317033259,0.791572761932589,0.372431611532956,1584.20140283018,0,1.87335712258465,708466,798933
"606",NA,2.77948424275712,0.284049545243109,-0.564119376670719,0.233389739877509,-1.58873404227901,-0.144584281435992,-894.257930149699,0,-0.201274223887925,316114,539634
"607",NA,0.685301251469152,-3.36209634727044,1.60228474171838,0.383762501410164,0.327321118798973,-0.259821380768865,542.423475516021,0,0.394619433830443,581328,929015
"608",16.2005525074635,-1.38609496083518,0.419160999067283,2.07216548902546,0.158224890047234,-0.156962316555579,-0.543875907200607,1689.77155659688,1,1.82888654223005,548402,911996
"609",19.22427171051,1.56652532928973,1.49998278828116,-1.33111587211772,0.832556549139678,-1.22119710374348,-1.75756786669479,-1724.29127633474,1,0.635368729779786,220998,948277
"610",NA,1.44113699114652,1.16124132809575,-1.0569453223307,1.43210565510123,1.71594018335329,0.733266586053232,703.362973300188,0,-0.873852233980485,215145,534888
"611",NA,-0.119753311137959,0.298627320135225,0.918633883901904,0.422668996771554,0.795173077239602,-1.4887902772314,437.437990243216,0,0.137611504642065,996812,38844
"612",NA,0.0247763714460117,0.899585493055444,0.208615807048487,0.315413033935223,2.61980755265976,0.0832494074826287,1464.61110933555,0,-1.49322806883453,408147,334221
"613",NA,-0.114199754343018,1.41930603993799,1.13272831559524,0.826786937225216,0.718230604143617,-0.694590004280788,-55.9902621321997,0,0.600181986910452,810348,574172
"614",NA,1.23049465885414,0.563536632124708,-0.498255081640241,0.518894538273167,-0.841551677838797,-1.3006646388875,891.902760350591,0,0.848332159410315,218791,979527
"615",44.9421964026005,1.48764613963868,0.79733579354934,1.47726119993862,0.660803280978947,1.70999615596902,1.02849020217715,1411.70013653225,2,-2.24484222909553,241212,389851
"616",NA,-0.879968889849761,0.691321965331254,-0.858170863257418,-0.666016962853043,2.21488103120735,2.06391089448932,415.748269569303,0,-1.00893402826073,97831,544420
"617",NA,0.272413130563786,-0.93159985107444,-0.842587952111634,-0.035056312801443,-1.09206091026788,-1.15809777471289,1312.36346356708,0,-1.08033841631715,941290,669006
"618",6.05828338539505,0.118267061243962,-0.493342440915371,0.573484442684194,-0.48462665114571,0.567640692008302,-1.13569394016465,-82.3182546217801,1,-1.37752021342813,289670,885306
"619",NA,0.107008286994073,0.516875161519408,1.03167752626261,-1.63012695753859,-0.645639958014811,0.712528135808751,-654.411440895331,0,0.0425776580452555,397157,161474
"620",10.7521820089153,0.633979895520392,-0.371813707352347,-2.42600856341278,0.0877391589181175,-1.74318700880867,-0.981455170426023,-598.60408440912,1,-0.959163472752434,518680,731789
"621",NA,-0.0239966413718133,-1.23734729315628,-0.447591500835767,-0.409279903176232,0.997773441648221,0.313128597862998,222.659049503135,0,0.239595548775691,249852,38061
"622",NA,1.14653232500341,0.673265943637405,2.07070306781732,0.129058744851984,-3.37419572335437,0.0083047083360164,-1034.16488672616,0,-0.314169054878729,338340,279341
"623",NA,1.10221914136716,1.56825199080392,1.23168447036802,1.1704780423767,0.344055599774236,-2.24789113648372,1590.13916625551,0,0.340092162577951,4928,72141
"624",NA,0.47752209464459,1.1956466145181,-0.624100849838397,-1.45509293263031,-0.617124833831783,0.61961408205332,-60.1092050112784,0,0.232801855426533,384104,903857
"625",NA,-0.086773673780077,1.26607870775885,1.0664093954578,0.0248837956010289,0.61441184413835,2.32919363551593,-508.671160551216,0,-0.0200642962700706,963072,619762
"626",NA,-1.44286355747133,-1.44652026337613,0.27762404353375,-0.0413668123366947,-0.603482181448622,-2.38340935713144,512.814454030968,0,0.215405837681721,940186,73344
"627",25.0521216179243,1.62877675535954,1.1818506065611,0.365152859424564,0.204539594042019,0.358558860961004,-0.186653756921715,777.135005117301,2,-0.66366163563113,629620,357338
"628",8.64962830310301,-1.04757233378648,0.928752560267876,-0.023617264512534,0.643948862004833,-0.532743029419757,0.0106908439826098,1078.06454260294,1,-0.69933072549809,616297,81152
"629",NA,0.738837003081421,-0.282478918100997,-0.59701505802337,-1.50593809426415,0.0887640957161497,0.0562775498136754,-128.020359784316,0,1.4151977354569,382543,877929
"630",NA,-0.787925746813103,-1.97029722922383,-1.9161630943765,-0.344077413972007,0.855877419790886,0.954525427446581,-319.748665066035,0,0.0716488100440674,382731,459618
"631",NA,0.178930890939693,0.588466330442086,0.787261259749673,0.742041585243709,0.889355833609021,0.432256617318992,1334.65892948941,0,0.556045388392777,474746,596928
"632",NA,0.19396580926482,-1.8321005198131,-0.405062398846853,-2.20780926905453,0.283789186709026,2.33587293360156,-334.520544187433,0,-0.900139142706479,920305,739710
"633",NA,0.292400130736394,-0.933168209129948,-0.959792204900177,-0.714452392882929,-0.642264790538176,-0.550361765368675,-790.913827064756,0,-0.239649620357852,215170,645889
"634",NA,-1.03792268259738,-0.342597409217848,-0.766630678809315,-0.635300154084961,-0.934843069135351,0.423097218278859,887.423401666994,0,-0.405028733571265,708627,289145
"635",NA,-0.284696596370406,0.150452300138052,-0.662921946512891,0.315986543561292,0.544595879251813,1.66025614927246,-1387.20089936866,0,-1.37164496724467,911948,762948
"636",NA,-2.10770566581843,-0.541668748829867,-0.218896118146004,1.62002722840874,1.15700832064863,-0.782360573592086,-1031.28548369983,0,-0.350691955713357,323285,681273
"637",109.726101680449,0.292910654395356,2.21922560149445,1.77241392551399,0.858206896487901,0.482640432045651,3.41864778774467,3249.29364329138,2,-0.479018026330766,811992,523455
"638",NA,0.132081193076344,-0.230954202011706,1.9618852898939,0.60866068718398,1.87557155915831,-0.192729231494432,-1122.37222939033,0,0.594509209617659,565552,6932
"639",26.7888782571621,1.04102973992422,-0.0170791559044425,0.796076886706151,1.24872339441269,-0.623340494449655,1.51032221143273,323.454336594084,2,-0.22437636680144,317610,82679
"640",NA,-0.0374914576122101,0.792858284760027,-0.728932254306449,1.22822303941325,2.82855680734901,0.105372444878956,-190.549209625816,0,0.858762958132742,514039,192318
"641",NA,-1.16537860842062,-0.434419579563932,0.808404220271379,-2.10817635003938,-1.48289631863992,-1.12402622016865,415.118720417445,0,-1.48570295223909,510964,160916
"642",NA,-1.57427681345855,-0.311967013720729,0.116547121045003,-1.54515178555116,1.12528398565967,0.115512836542172,-1522.30414697384,0,-0.0819956657913536,521306,119393
"643",NA,-0.667473127716342,-2.12882012481722,-0.104224373685874,0.9334313269175,-1.41219068940347,2.02223778975446,134.246850557511,0,-0.697498772412152,746916,893252
"644",63.970063617606,2.00024688851566,0.740001679968093,0.446045006216211,2.26679266704929,1.99364623142127,2.01455757654621,363.782942976058,2,0.251009402988114,962905,235804
"645",10.024073307858,-1.41843801465297,-1.02017952897081,0.477569729148837,0.928135187792398,-0.409434686367345,0.483257774162956,892.11904480153,1,0.16002251673605,470990,823899
"646",5.84577894183691,0.336171165345488,-1.16433817564838,-1.7052670437498,-0.625356893084514,-0.30930322667131,-1.45210542718134,-311.294331908397,1,-0.703236729563112,448384,377083
"647",NA,0.730493502722487,1.9680953082674,0.838443833697272,0.599850233326963,-0.717591422368243,-0.0668617273133735,-637.421922706351,0,1.83239107264067,752314,157577
"648",NA,0.72937427836277,-1.7633844112478,0.507432887253303,0.686219586267568,1.51342267963057,-0.539737309133322,1825.83987269741,0,-0.630253450220481,232548,323022
"649",NA,-2.50297883852645,-1.07269468284169,0.382089896198054,-0.0829945305843372,0.0350835657640178,1.8081953524503,-1718.80967862884,0,1.04310174649343,854483,410632
"650",NA,-1.26909868681613,0.0460512829221277,-0.0892004400604257,-0.461625662793959,-0.762917700135325,-0.344000344541342,1504.80582173539,0,-0.440532424250491,223951,724399
"651",NA,-0.959769233724225,-0.0975803517487451,-0.259043967349463,1.0918112618873,-1.23451413520093,0.263094798092847,-77.0194164565809,0,-0.822563288359735,676183,727932
"652",NA,0.275333062829322,-1.91445545184992,0.892201026778042,1.05456488370788,1.06900004795646,-1.81816614520643,-199.114661579244,0,0.537921087131,444223,390134
"653",NA,0.678648210094798,-0.905000259033079,-0.134184439924909,0.225916150895829,-0.0251873507430887,-1.00542711090938,-641.353847936688,0,1.26519633797279,960988,685991
"654",NA,0.913684662024729,-0.663672388824515,-0.733021747133101,-1.65912717463849,-0.616405934303708,0.787777949243433,352.380518428008,0,-1.02094365885517,302312,764245
"655",NA,-2.00912191406984,1.80866503021142,-0.882026073995765,1.23004250476791,0.931249019924964,-0.163883853874201,-57.8937589933127,0,0.541183019560076,444134,154955
"656",NA,0.78057539950709,-1.01704873357098,0.78334088275009,-0.959543943312252,0.406225025582691,0.675944646108806,80.8766959604525,0,-2.03472042112947,952891,351634
"657",15.1155388851601,0.773847348144864,-1.89603455835385,-0.325587683021932,1.7653497514844,-0.72224177736597,0.612658918229754,1232.0006765514,1,0.121402091044246,287746,666150
"658",NA,-0.0981391361337809,-0.85501583600174,2.16749013087893,0.959165336157405,-0.201717006343947,-0.794903458200192,-322.585699244721,0,1.51597466204194,526341,718754
"659",NA,-0.0959404307431307,0.366155614289068,-0.2162709736409,-1.03805978487228,1.93541247932076,1.02062320495313,-551.766031916172,0,-0.128580650952598,435931,528854
"660",7.07574242554244,-1.21147575112028,0.161979342387255,0.0452821734138795,-0.0384839297900244,0.967627399603392,0.694856486981953,-55.7970137397092,1,0.407806659394812,894568,6137
"661",NA,-1.39986526612435,-1.42457921944199,0.953792003061221,-0.0508288444795888,2.83780434941073,-0.127260526632852,-212.359403298615,0,0.192968785009938,689587,277777
"662",9.96288447594996,-0.161923500778892,0.0446647862137009,1.04017146733506,0.243118920495439,0.590226328569531,1.42604829223296,-128.496746085677,1,-0.206174588916794,71943,903907
"663",NA,-0.72791670338898,-0.011610354391639,1.27868109837357,2.03509360367402,-0.553000030714891,1.38128945526151,600.865934498183,0,-0.426752500407054,237163,544074
"664",NA,0.0899430214854105,-1.6507699714656,0.508825323791454,-0.298549155044795,-0.409782009872348,-1.0725379287496,-354.42287183283,0,-0.284977904610311,382454,147806
"665",NA,-0.810021124600352,-0.737332950485694,-0.942485695491307,-0.610765022923066,1.87460358130593,0.536789890453094,-1854.65858774154,0,-0.216935686460507,306812,106017
"666",NA,1.69014089143928,0.655708604246896,0.932732518619742,0.293406884700586,-0.524913378212404,-0.241071613244584,1371.15768269,0,2.59583810000937,257139,503318
"667",NA,-0.649992265314594,-0.97295609927949,-0.39981112712335,0.114416564630911,2.61628994829771,-0.463628486798872,2435.0779858993,0,1.28730579628827,320321,581442
"668",32.8666345388477,1.50703164816074,0.301696256855765,0.957625726584977,0.93382645264225,0.624162184459651,-0.24963312186418,1735.10981007439,2,-0.298648396392834,572364,282581
"669",43.0007105183282,2.05339176696036,1.18367115058051,1.91155003228866,0.819422706505922,0.467926984212069,0.843933497804568,533.34978690791,2,1.29986482340597,832407,977872
"670",NA,-2.34020912783499,0.097034964722962,0.298138434240919,-1.67256066911611,0.795702422442347,-0.316610921911452,-205.537558572363,0,-0.893095547319356,202062,48563
"671",NA,-0.249537529526947,0.142899038980659,0.965829513272393,-0.836965612676364,0.604470083567525,0.774774582236823,799.208043156795,0,0.46142345939999,540714,468127
"672",NA,-0.526940373474783,0.0305147228913549,0.920363025504409,-0.529935959863735,0.216384044961301,0.419121606344866,152.880569425362,0,-1.53381292341708,946987,473058
"673",NA,0.0849445191614104,-0.532382616535986,1.62099442050964,-0.383892603819015,-0.2631788337635,-0.155781539196971,443.530241734967,0,0.915550054820488,108281,774246
"674",NA,-0.78506023598316,0.278889503832178,0.96915899658791,0.341673788923518,-0.845236921656999,0.263036867525285,-525.234158988784,0,-1.71897015611413,976972,132261
"675",NA,-0.179251161167547,-0.533814239141725,1.46579078602118,1.74815162809012,1.2364866752452,2.1356665395029,-272.971001243177,0,1.61185503945951,735190,720598
"676",NA,-0.832929485872424,-0.0828616560453758,1.47100213330083,0.668147024430378,-0.514219366240768,0.00380385655141023,111.401216191312,0,-0.805886259042428,772914,738278
"677",5.16652844676338,0.0942798353646908,-0.00102487791077772,-0.434874430485191,0.278332583932658,0.0466553599856003,-0.145918816017185,-259.364918744086,1,-1.63421027174134,262611,187100
"678",NA,0.725790255208035,0.579984097512608,0.681597782021015,0.291005252275239,0.860805270336452,-0.0219998026818776,-1062.00681181908,0,0.63520553038506,365976,897101
"679",NA,1.96300768794635,-1.40114713322132,0.83269711783356,1.1875833148861,-1.49619319875703,0.883040277253614,-1018.44551867973,0,3.28737020575274,512384,388165
"680",NA,-0.299323339664226,-0.687194440962138,1.37597240739366,-1.01795520109349,0.486467382210199,0.0918830298207663,458.951032593291,0,-0.632952230642961,758328,320947
"681",NA,0.148499125051244,-0.178899249738149,-1.29663522335686,1.1888174433786,1.11603129140188,0.368521160994857,-806.369411376947,0,1.48045376262528,665477,716536
"682",NA,-1.12683373535172,-0.857746410728696,0.300584381944104,1.36801612569875,-0.338955497026716,-0.128968977152876,1376.24056642567,0,1.61442352088896,669807,270574
"683",NA,1.50084573880208,-0.0200441094392401,0.690490869342586,1.45112214534488,-1.55470320156744,-1.53443135584885,-856.75729293543,0,-0.233121062736604,521484,100387
"684",10.816827467067,-0.427816558283165,-1.12485276696273,1.18415136919339,-0.265402494464081,0.671040114084188,0.481979459293185,-2165.46959288254,1,0.750092398035033,922265,373607
"685",79.8569518426854,0.903278869401535,2.36961278671141,1.73616931106071,2.35624226514282,1.14271417462182,1.25809920283286,1936.09007316765,2,-0.796959909712877,891938,651400
"686",16.4245287515556,-0.280623069412849,0.0968137919289677,1.09796499624058,0.333367622766344,1.8424764156649,-2.05443232712263,555.198108149653,1,-0.432753845393297,629701,41891
"687",NA,0.471575098996679,-1.07549624616769,-0.347702932941678,2.24358536041017,1.09724979127582,-0.992685982160092,-638.455260583353,0,-0.618150793404696,669721,654185
"688",NA,0.359160470480285,1.13041463390911,0.267817814138586,-0.323311731433386,-0.124397655008764,-1.97708266258079,-1027.03507697213,0,-1.48138751355939,379830,418586
"689",98.4037267159032,-1.05302184674472,2.54398352352081,2.00642870027342,2.39668157818153,1.65982867981412,1.09742793330129,2276.52058217944,2,0.308050357735212,127330,618474
"690",NA,0.550589469781779,1.35933212759835,-0.0411853150529324,-0.569948747143107,1.04871008474925,-0.106882827949858,-1664.79538758482,0,0.0503708075017816,44532,784607
"691",NA,1.03797093639956,0.125308120004968,0.53771478131041,-0.816664383095638,-0.0431050512581907,1.24341294090603,665.826256049738,0,-1.53511374698475,984657,216661
"692",16.2702899218116,1.80928747603358,0.95876457398588,-1.77152285477194,-0.889768853932129,-1.98427102539118,0.940922781075552,-147.941035066944,1,-1.06855753097208,547987,730560
"693",63.8510050442422,2.34548486973927,1.34689824886942,-0.238491973028199,2.41247334711414,0.66512431170749,1.94587355766216,579.344869493782,2,0.544802305395834,940574,833263
"694",NA,-1.18169181911403,-0.183057878003721,-0.940015416014861,2.32886860267011,-0.185065522213409,1.73325404852865,896.858334978453,0,1.36143442219487,781019,215327
"695",NA,0.575299333600002,1.17291393790704,-0.739058762243747,1.18631981412279,-0.656632246269256,2.61669185194477,-47.4462356271954,0,-0.214426631575077,313597,814221
"696",NA,1.16300540282876,2.69872905073805,-0.126841004076547,0.890140375313349,0.89676226771304,0.488664693230287,300.322921974994,0,2.28069062241149,879772,958153
"697",NA,0.0911661948150291,0.374969490989339,-0.482904311518307,-0.546279715540761,-1.73432278921453,-1.74348057281186,303.41816413624,0,0.598587443333803,56348,741997
"698",NA,-0.362336549560282,1.05223638285006,1.03653897745286,1.46813757474174,-0.117280030642015,0.840520533876806,890.250657187334,0,-0.603246711053799,891448,88123
"699",NA,-1.23920797568752,0.0660173841757142,-0.855312242525504,-1.09540776802946,0.557061146339769,0.466914394232012,1037.8200918643,0,-0.0776041609488892,660562,515033
"700",12.7081594201602,2.08417801265216,-0.296082498811833,-0.768408791851897,-0.696637330363267,0.814244068984144,0.246758804787307,263.460483952836,1,0.692105468836598,915902,754410
"701",13.2605839881304,1.40234188817152,1.01057665958282,0.224920409166243,-1.50658769183607,-0.149970698983066,-1.74173861371185,851.024367682802,1,0.366922151922147,452841,648960
"702",NA,-1.16200292113925,2.17781526474894,0.108897537802416,-1.21961618828825,0.240915387494818,-0.0898294737877157,-1059.5159576334,0,-1.13880229407781,457014,114818
"703",NA,0.268102323616337,0.31061803471893,-0.300315370736194,0.648279149643224,-1.4448472616308,0.683184212651901,-34.7902373003884,0,1.1037035312158,749865,487611
"704",NA,0.43231673958813,0.0585039804776746,-2.01527411339513,1.41078410783317,1.03466470948843,0.354977279571346,-396.77411272322,0,2.6670581043201,315087,309192
"705",15.0517961025637,-0.312143411341874,1.17668979408721,-1.8168921071489,1.40191439561855,1.53573064023223,-0.561003867292437,-76.5049373635566,1,3.39089219762317,392527,989963
"706",NA,-1.56705527391509,-0.141851218702597,0.479222633686166,0.508848388912776,0.0534055517369466,-0.869224584434941,-641.178136660735,0,0.935656930525564,513057,111050
"707",NA,-0.941906367744082,-0.250704843035774,-0.242881350484174,1.10190725078773,-0.765368149092945,0.924532539738585,621.582622482415,0,1.47346605846872,574240,138648
"708",61.2137304582366,1.96124810256265,2.07815279002622,1.90345438311533,1.49491043037261,-0.296922949032837,1.23904360164092,857.518601512589,2,1.10609448158469,224717,73279
"709",NA,-1.17586624591695,0.19875271560805,-1.19203995754987,-0.182156411032902,-0.343911939881461,2.50294335814931,789.72637734286,0,-0.265875736975424,548147,467292
"710",NA,0.534616647810615,0.124172507510083,-2.00612131738157,-0.267140684112555,0.627497635773791,1.00080792975685,-903.891354152961,0,0.963754928040476,442073,292293
"711",NA,-0.786448958720748,2.29425813262851,0.238064314120769,-1.08498415105503,0.026402177562612,0.241795001166984,-969.999205984558,0,0.840794123286814,496518,836958
"712",NA,-1.18045475653323,1.61705569140428,-0.279050101868997,-0.946993751587231,0.38029225846179,-1.2614840159865,-68.5623053271692,0,-1.39692112548765,489344,469457
"713",NA,0.0566653055005478,-1.57954664597783,0.295236699710446,0.031634587682932,-0.690240531266983,-1.15975195651356,254.190611199397,0,0.32222735689082,80533,845758
"714",7.22500664042694,-0.446574125860622,0.881422312174198,1.19979913662674,0.114823440912698,-1.33598901266065,-0.587458104978886,-826.876203791467,1,0.909376266581046,621376,386101
"715",NA,-0.286357767886773,1.54562403516872,0.289465842158526,1.16491756806533,1.64074009586252,0.267257825517986,-184.664322305837,0,-1.89633067024075,227245,713366
"716",NA,-1.09102307532414,0.936716823639526,1.62198856194296,-0.345008246231615,1.42171670522555,-1.36867052960419,492.762032636698,0,3.10278897936241,280239,377489
"717",NA,-0.524197984948064,0.0869479547387691,-0.795286418776697,-0.660453795063849,0.579382961367381,-0.325087917174812,684.596987490721,0,0.313017938841675,955207,77817
"718",NA,1.63063169015076,-0.315350356023665,0.0624937998029632,-1.05439739163127,-0.0127922069045666,-1.53933849311747,1300.80240168457,0,2.07368046985887,144644,565282
"719",NA,-0.753798770864588,-0.887957164611649,0.504943577707151,0.0444628688048718,-0.896738695674364,1.46639621121544,1955.33054075222,0,0.85431872846918,845615,867861
"720",26.2541112231464,1.08623834040585,0.514199605878217,0.447837679799334,-0.392639482651033,0.933393127583818,1.7193373538115,-455.809868223928,2,-0.82307354438502,716009,371761
"721",13.9405174469968,0.0385062617591602,-0.174720943993479,-0.604000887728615,2.18946454496987,0.394803137985337,0.441788836924342,-807.333211544339,1,-1.16356442541244,154945,279460
"722",NA,1.03483229602953,-1.19942008518115,0.949711835825218,-0.192334919491982,0.620910253249381,-0.379485876941088,816.933672850854,0,-1.03261049634758,581122,189990
"723",35.7599509621357,1.05873317140408,0.183177879677344,0.635026659308845,-0.436470084306767,1.9302891123679,-0.12955010698407,1646.64447526209,2,-0.85270860166509,668600,987325
"724",NA,0.3397537228528,0.0232565786223783,-0.374619526503267,1.63018598326623,-1.46457429758895,-0.84779154710125,978.279784078948,0,-1.42958544665972,930105,310387
"725",NA,-1.23193805617878,-0.434597571810062,1.24561541187803,-2.43361519510476,-0.452504469832906,-0.827225080047155,-212.634723728644,0,1.31874989257989,980550,681420
"726",45.2813159870383,0.489892181808333,0.369835798565319,-1.65663582917855,3.01677118564041,-0.183998139321579,0.397268680934671,567.559609565789,2,0.226205147749234,495448,366248
"727",NA,-0.184074798836673,1.3344211050519,-0.499169115309703,0.590159608254436,-0.409669782404214,-0.0794810752992713,-75.820725323983,0,-0.0126177021482306,95200,150906
"728",NA,0.156011783672211,0.374800935832634,-1.89626092429989,0.220245288163352,1.4438492012794,-0.0190357321566207,332.062393572373,0,0.0614910583965679,91124,466673
"729",16.7717213633107,0.13408184498948,1.00040095373028,1.49933033748254,0.172551511262208,1.74249307293536,0.580811092085688,1123.67196611882,1,-0.84454050180755,423240,284494
"730",NA,-0.357139366754578,-2.12385862213438,0.859317231212602,1.00656664814567,-0.0646993282458257,1.15430373594899,1251.01374187838,0,0.140859475852597,282695,21566
"731",NA,1.05941142516074,0.235947653698026,0.635725044246028,-0.234191865515344,-1.8250304041366,0.581693360840657,-645.965146584431,0,0.332828926514959,604550,114737
"732",NA,2.33238647415318,-0.65845653539344,-0.0720394230324656,0.365792372285256,0.111398540055373,1.15450897278728,1447.22005077186,0,-1.21749235574001,204770,101931
"733",NA,-0.406954521843605,0.139222864153313,-0.338561616256733,0.587720497004092,-0.673681712940287,-0.393975587585656,428.838403105276,0,-1.72926873787924,712836,805337
"734",NA,-0.605746517195892,0.188131467508067,0.293448059808636,1.40477799288808,-0.797817687507586,-0.82550098465695,1003.80454563333,0,0.178072234592936,246690,55068
"735",NA,-0.0183626409618441,-0.245962636463278,-0.0422701776406763,0.138816795230605,0.227101818617842,-1.41731457509465,-509.416112165202,0,0.814548237037764,28299,261850
"736",70.5903275941918,2.10921750308585,2.77614719454092,2.10107541410016,0.437125954835403,0.529747751834679,1.56999118762562,1144.83189627029,2,-0.869514984428172,955307,703740
"737",NA,-0.809327011491722,0.357159490899611,-0.773930676051546,0.180981835744165,1.05766348410994,-0.235676409526188,1151.14105663647,0,-0.0296575481343555,348480,139751
"738",54.7907061856609,1.3406488402858,0.800080903783296,0.969102433098757,-0.0634053633296545,0.16500149726512,1.69777972470812,2850.7425162084,2,0.774824325884062,49234,414504
"739",NA,1.56013752446273,-1.36949825722404,-0.960625196101025,-0.494612702344117,0.802888315051732,1.27948760524477,-416.700458679053,0,0.312160542446681,273131,700257
"740",10.9735858488864,0.393937079332585,-1.23252303311539,-0.398422099463719,-1.01857809179175,0.731287354221422,1.59861432366114,143.03466641998,1,0.322300522688006,980473,209090
"741",NA,0.0884120869599819,1.21695623587545,-1.56430455305993,1.25729161324272,0.149863531803861,1.50629392020504,1788.72016742799,0,-0.97252990824901,944322,463934
"742",26.8875388784545,0.900940553308905,0.944438250809296,1.1234315112516,0.832215973553936,0.523771706847044,0.199828178926732,1143.47013289052,2,-0.631091952546804,229314,803782
"743",32.6213305540812,-0.745982623134708,-0.962445154188104,0.450231842364102,0.831171080525212,0.593578830933861,2.42896372993742,-133.663229791841,2,1.35167362129891,901368,843690
"744",NA,-0.86806017270245,-0.594700184946545,0.280082051013692,-0.1911065637142,-1.57102186145664,0.664134045599337,818.366365894476,0,-0.329713247988655,416961,897707
"745",9.75165937227292,-0.602702036197317,0.66603693142903,0.0740282143831589,0.336740674831756,-1.29385904566359,-1.64179815104565,-1834.08575137698,1,-0.366749542462262,423194,576967
"746",NA,-0.557845106635469,2.42381062983299,1.44778813416104,0.190510574717312,2.04300832113265,-0.17898276620358,97.886016509963,0,-0.0664620909655383,924710,832691
"747",39.2634139897545,-0.0769322660031448,2.52813511821827,0.607030328806696,-0.293474361655146,0.847383900008179,-1.47671507318759,1220.57914018977,2,-0.0243804511776836,770137,283435
"748",NA,0.865540659672982,0.507728591842891,-0.712139651375687,-0.581427142417852,-0.441774297649938,-0.312774868784507,1286.62472211123,0,-0.716775728268758,320872,926840
"749",6.37983019025061,0.817627683313939,-0.39071877478887,-1.6270671223805,-1.50830472303303,0.23342049272725,-0.0472841616432697,-409.245489126707,1,0.44320066345377,941810,73080
"750",NA,0.0582204490059968,0.488372864603811,-0.719204594912418,-0.746739562737056,-0.033677439275185,-0.513194648224331,283.803397230512,0,1.47262494373642,960142,376043
"751",8.42448460077805,-0.614191766382708,-0.829426695556742,0.165347432516029,0.723798597132885,-0.593024811815856,1.37432123690219,69.8610038920037,1,1.06801877831995,298652,293406
"752",NA,-0.448701606067838,-3.29227429221638,-0.49276958218519,-0.0127991959766234,0.147022702556182,-1.06863696144694,-480.767962028525,0,-1.39135635971648,29034,591407
"753",NA,-0.020050847857347,-0.272771670593588,-1.06901741117819,1.78891967224878,-0.213772325086533,0.145064462989316,1825.06616266545,0,0.466007604382622,889023,277950
"754",NA,-0.0569113465750982,0.326334808553941,1.50737958028929,0.218452747141962,-1.15811245849629,0.919344595430651,1549.32893939793,0,-1.33485690013811,717145,617098
"755",NA,0.31443124255621,-1.24951890137215,-0.0695086123108434,0.586553924113008,-0.278282292383361,-0.991693103796863,272.427756418342,0,0.170551405407533,527297,988435
"756",NA,1.73885011226039,1.87900799336912,0.797340662150729,-1.74667441110951,-1.63818459961878,1.5697076254118,1136.21519243881,0,-0.392728317106493,168113,383779
"757",NA,-0.564448591367214,-0.32968910226246,0.721931929441228,-1.41929468982564,0.671714705033525,1.20073607935174,458.427829828792,0,-0.190772343747197,32269,87064
"758",8.50735407669822,0.585672906030584,0.325334969074754,-0.0739605047795931,0.766769196428959,0.486659097454822,0.661238365511177,450.816143974496,1,0.276441559772047,341665,650124
"759",NA,0.654187894096533,0.623020409348785,0.538542031476149,0.0647695953810075,-1.16244223365737,1.01836005530473,1889.61502758609,0,-1.83030533885067,937721,665831
"760",NA,-0.479632199226291,0.852888451843512,-0.568193922884591,1.5972615165118,0.557049111669861,-1.79963267909104,556.3712737361,0,-0.045295609512633,553372,144355
"761",NA,1.17735494769629,0.431478812352744,-0.674684847951274,0.637850771946026,-0.140916980798402,-0.0896664276681298,226.283678404984,0,-0.0529448347377385,30563,880891
"762",NA,-1.23861017922622,0.816735311995183,0.0522043696610249,0.645757174855166,1.88242708927026,1.01859492869685,-147.388116070305,0,-0.351136847229589,891347,422944
"763",NA,-0.0222736690787669,-0.215255719558208,-0.954909664291058,-1.0269048972493,-2.17138981159426,0.252168053442515,-2176.89388682947,0,-0.166842047244701,101878,596352
"764",NA,-0.0770740346404047,0.798321856336008,0.908014662935628,1.26569125638673,0.363010687674017,0.491511847362607,-670.755098271505,0,-0.0621751322270587,411412,317176
"765",94.6934479815592,2.30252940375066,2.09075932397827,-0.0927490075400659,2.43975843461599,3.01354955582945,1.44424266889178,798.192128793866,2,0.926449089000884,251816,972807
"766",NA,0.202630953210781,0.424431807388649,0.250028354487157,1.64580365891895,1.27676690271363,-0.815191655542178,1218.80251779512,0,0.584770897875831,401038,247948
"767",100.438170671388,2.56553702818315,0.971627176579084,1.52760874993493,1.30068408033322,3.14671930252512,1.8350067526278,2164.49237864776,2,0.438628457365797,962626,153008
"768",NA,-1.40722897006299,-0.108094635077245,2.06910914790092,-2.17363448213224,0.859358008377559,1.3023837369512,1118.75957464342,0,0.95154435821293,645158,900161
"769",NA,-0.246284811966922,-0.0183029917966167,-0.945379490413258,2.01749902003283,1.81970420180663,-1.37617164403153,594.272728061835,0,-0.541634856336557,738307,949944
"770",NA,0.519702719559339,0.0312175742622325,1.94774891958014,0.145227410063651,-0.410286227623122,-0.593421402375495,-636.94647909649,0,1.9394278161354,865377,505134
"771",NA,-0.368284808201702,0.00103204305797255,-1.24797984910066,-0.320713149396275,0.378010032396117,-0.339573337315773,86.095329556944,0,1.31559215722244,215363,120769
"772",NA,2.15032812353516,-0.769328084248202,0.465919038804926,-1.05658723521976,1.53282389460591,-0.0552793776768966,359.464146905995,0,2.04987487464131,623924,837048
"773",NA,-0.566366146916108,-0.331293813543795,-1.22217503095529,0.624288305907497,-0.821862885576065,1.35173300270271,-1173.21542738989,0,-0.881864362619284,482730,833768
"774",NA,0.962820696763047,-0.38300858315882,0.94434828953832,-1.02046982849137,0.771459392196384,1.01415565235839,178.006072389953,0,-1.47440984601137,331971,470525
"775",14.1404130364087,-2.70993442191343,-0.269474158180233,-0.127560477184683,0.306949435593799,-0.873908282028406,1.59465644046721,471.882826756168,1,-0.28557809286064,704631,395719
"776",NA,2.94379000746905,0.337826098647071,-0.421860537071191,-0.534916969731878,-0.670250740035697,-0.37447171392539,-1037.84434982768,0,-0.224881485504606,196827,640035
"777",NA,0.229198582578431,-1.22595205854382,-0.459523909372003,-0.59393774797209,-1.51925866803419,0.410678088653204,-715.17792713349,0,-0.201310512365827,771464,204644
"778",NA,0.241152547460798,-0.178489567924337,-1.35051579284682,0.539110672772904,1.17305927923216,-0.390790189848565,200.836459597854,0,0.053757429162563,976839,392741
"779",NA,-1.54970184932421,-1.10336872583114,0.732426897835593,0.229274761969009,0.159541566109369,-0.193304587236818,-35.2037615088397,0,1.35369310070014,380847,89437
"780",16.7368302939289,-0.159430266442718,2.20155275120575,1.5089651791713,-1.09432699805526,-1.63370776756054,0.433882019017629,653.225337831987,1,0.874670983152112,64254,937199
"781",46.2878109826559,2.47378170125893,-0.486716030920342,1.94503667545351,0.881372510816024,0.761388820560492,0.700612435973517,483.840700105698,2,1.14292089076295,921120,855037
"782",NA,-0.888641264112792,0.22907030140824,0.735161328763391,1.22608367914219,-1.02144404903696,-2.04569112798665,-333.756316588911,0,1.50993923515802,86845,250623
"783",NA,0.352292220132001,1.79973380284169,-1.70811322638124,0.18470000808327,-0.327504558058651,1.03649503730849,756.379308632231,0,-0.0777353930684087,148073,405515
"784",NA,-1.57263443501605,-0.481202805610905,-0.851097200096172,-0.301248620116105,-0.598237166200166,0.289901803891427,373.940459450151,0,0.800227252701836,790016,809971
"785",NA,0.135317272252749,-0.296915827304477,-1.85292556283954,1.37916850678075,-0.263443537211337,0.342436524513855,165.133332289797,0,-1.90303030030744,762412,153539
"786",81.2566476259481,1.7633072531897,1.05029273858187,1.91943632813663,-0.661590812344697,-0.348790620135133,3.07607359871819,2354.79951140546,2,-0.969624684966221,331316,135929
"787",96.4944429647602,1.96600933720537,1.32306857494762,2.8024230045889,2.35017893161008,0.985766426906607,1.47723500993195,1858.80575249044,2,-0.316567600308637,354291,520045
"788",NA,0.591255224144059,-0.253631741512342,1.75414012775704,-1.45705583301286,1.12132746057828,0.206312653642867,559.775338883846,0,0.0411006986045601,541162,519794
"789",NA,0.939348585440083,-0.993228483773735,1.4633434048652,-1.46926852641969,-1.43100927561064,2.45266635986357,-86.0464632642086,0,-1.12898579492073,751119,247209
"790",NA,0.855532842270409,-0.598206157805469,-0.823856951508544,-2.19412558523915,0.276716818327808,1.34072952884664,653.247352899543,0,-0.507144305184833,619815,607187
"791",NA,-0.545516969232837,1.97924046371918,-0.625710215944588,-1.78442038294619,0.68539256981774,-0.358788822551127,935.836184198159,0,-0.407849377504078,35363,137798
"792",NA,0.499662903008545,-0.828758010783676,1.10367159172392,0.520162195135435,0.894854474356292,-1.25918793774646,-636.287055829744,0,-2.32105264828055,205653,892314
"793",NA,0.348160757517718,0.308059848209889,-0.0984644449520729,-1.34350361077981,0.671758501492283,0.304111142285793,-1249.26757178253,0,2.07142358412726,652944,341800
"794",32.4674364664453,-1.3129720478758,0.483547163693235,-1.19346791131408,0.695312182650877,1.81825988366149,1.01148792249283,873.251688520719,2,-0.441815473781988,557534,998149
"795",NA,0.662491429778709,-2.3410789656468,0.342021688959774,-0.247327215642268,-0.761236382853553,-0.243859143091277,-399.827145409503,0,0.328245618077059,949653,963822
"796",47.8540676804092,0.85103607453152,2.28541544559747,1.07892001776852,1.03619128743531,0.917539436314531,1.88922143602776,-165.130859688203,2,-0.271395533392042,677576,322680
"797",13.1904442643111,-0.156718798359552,1.92886540121677,-0.716292641805953,0.498489991524576,-0.517001026593483,-1.21455016659569,-1049.55879583942,1,2.08453278844494,770701,994781
"798",9.15736750135797,0.45834945101037,0.0785221331017525,1.2072293657508,-1.97593299423672,-0.652417722513675,-0.291093644280496,-213.58680369331,1,-1.12006639451812,47569,195723
"799",14.9807258624693,-3.35212537313312,0.10899235010708,-1.19403586645365,0.919749132189959,-1.49985199626396,-0.935188415062385,576.533213600051,1,-1.47489277553007,104003,589391
"800",8.79115259970842,-0.57885283388441,-1.38840594939114,1.09443090819704,-1.54960205711731,-0.332603128976514,0.0654981251288091,123.32293421467,1,-0.197688174463342,872190,88650
"801",NA,-0.31418802477668,-1.20468138890476,-0.983643232308802,0.157430472688856,-0.646088702177004,-0.639212052142731,-331.950186607653,0,-0.394672141752312,401647,233079
"802",NA,0.627652788287252,-0.400759839171766,-0.196583797778698,-0.216073224921597,0.660522583290844,0.832215264809418,599.69907268607,0,0.750703544108872,435459,384999
"803",NA,-0.305381194361258,0.267945836097498,-0.964495768190403,2.06960048845398,2.1941540363512,0.754975506031528,-850.326070962282,0,-1.39127076979168,233062,523347
"804",11.0188392582611,0.13814675772068,-1.94506183026353,1.0769852537651,0.313158668492066,0.779239538673702,-1.29333929648717,208.015260562153,1,1.73737351722803,58314,491719
"805",NA,0.780557966266177,1.3135915405279,1.67292493515036,0.911811479732183,0.763377817858105,0.159627323109999,72.309532588971,0,-0.0621374162326621,714879,295471
"806",NA,0.197639381040604,0.366952477805315,-0.515161583926459,-0.86106024690563,-0.475000457652245,-0.109774735820172,1193.24727036713,0,-0.817669955987264,33777,891623
"807",NA,-0.356554125173384,-1.11239869728024,-0.629444912084236,-0.505331486985558,1.1571201948849,0.0175131383814075,-713.060176051784,0,0.791059431285923,112775,107769
"808",NA,-0.0450386756701972,-1.50152142755566,0.361116414934703,1.49451386339009,0.734600597137545,-0.919496370707361,-662.086364059115,0,0.842293070275408,473778,825650
"809",14.3962856526659,-0.301792776542829,1.73120291458368,0.450456233323289,-0.820761715983915,0.317538724678633,-1.25489762262453,1418.10814021979,1,-0.636821254754587,769858,949509
"810",NA,2.09746711606122,1.40423007412565,0.978922222988626,0.166581071287473,0.566078830843645,-0.534208690574755,430.264630963355,0,0.249461666785444,126758,2276
"811",NA,-1.35773627234582,-1.40986825124268,0.832649479814804,0.0476345048286372,-1.71325139807006,-0.273285993097474,489.335661545555,0,0.806684783891371,103459,295014
"812",NA,-0.147442613004548,-0.239156178585322,-1.16994699337617,-1.53729087479308,0.877239898497622,-0.375407011128143,-1211.18184005915,0,1.34589731236644,17558,884507
"813",NA,-0.783091348385135,0.885672933300448,-0.0502061089753342,0.467038679583455,1.80611205321476,0.627431807589123,-1408.56474235414,0,-0.937379659516584,542322,118444
"814",53.1045455908306,1.05449099450209,-0.453538131920043,1.34233732755807,0.651364731630129,2.09189876018424,1.59923264757075,1857.69490500575,2,-1.64992597436625,345716,935656
"815",NA,0.773518549601393,0.951403328934321,-0.430709969341019,1.01250137790589,-0.479586878965164,1.76101382396667,-1131.6915966172,0,0.135677972167767,822515,317398
"816",69.1995498798388,1.56598373453307,3.17859824446312,0.215683989049453,1.75094771339864,0.0843198344368186,0.347667020543146,1224.29525384985,2,0.378490356915984,108722,874721
"817",NA,0.440905822938392,-1.06762381446747,0.144512588238153,0.337018983194169,-0.62581853495485,-1.58257407688374,1361.19682589777,0,-0.225261972100501,239946,96084
"818",NA,-0.988550967337159,-2.69401262698498,-0.23114697429885,-0.0753815204047074,0.430622870764312,0.412123784176209,1509.18376510513,0,-0.330290029923447,862565,609605
"819",NA,-1.61469677378001,1.07843557131432,0.362470530393741,-1.21762763974049,1.6693093902048,1.05307842113935,-425.662558811637,0,1.05263746916324,182352,809656
"820",NA,-1.86514024197695,0.452020836853922,-0.355376081994389,-0.181413702992709,-0.405497148144487,0.00649079577364636,373.443242253147,0,-1.0513030743426,160239,14305
"821",NA,-2.28476009959027,1.31058894799031,0.160115081801946,-1.05949125068682,1.985221688726,2.14086721223323,199.703359864701,0,-0.550048493484017,47095,204268
"822",NA,0.177637201749263,0.254664413281494,-0.0726535879779924,0.703367951730481,-0.692666821422101,-0.787774257852377,-949.874608522251,0,-1.61272136704504,47812,680252
"823",31.927147585172,1.92035117671986,0.284487622317119,0.811229345628453,0.214754496346054,1.36842667777854,0.242679860283496,436.657903298045,2,-2.49819476687154,113997,761895
"824",NA,-0.351523205443941,0.670151173079568,0.438099766897848,-0.779585427157192,-2.65812711701657,0.671116339794458,376.743855647781,0,0.918637418989246,126596,697069
"825",NA,1.60175418619469,-0.562998661752235,-0.155777245712,-0.617057421342121,-1.4292030036029,-1.34844197563128,-1577.04479430814,0,-1.23465401047496,92587,518744
"826",NA,-1.03675712933771,0.625936027035313,0.794220051184294,-0.389316433717089,-0.629187188380023,-0.213217497947511,-935.418009153788,0,0.392854441893133,866754,906045
"827",NA,-0.595571844617512,-1.37354388722311,-1.28794782170598,-0.0608061221817255,-1.57612650874458,-1.21275011171165,-533.832057775139,0,0.374039402030138,869137,453237
"828",NA,0.278129429470027,0.0864720791060412,0.381185872455751,-0.690766369243157,0.0759186560684699,1.0584421971417,804.169955568836,0,-1.28373907442317,383896,409869
"829",NA,-1.11647321781883,-1.44497869636236,0.277285807382865,-0.719861243950193,-0.476722064456217,0.0259445876855695,-309.597024667405,0,1.24447147033501,508212,708361
"830",NA,0.518321903638496,-2.80530206966225,-0.105592325681936,0.989068286170334,1.25747989809253,-0.150237349556118,290.442435165838,0,-0.42569935466326,285177,479639
"831",NA,-0.294947135334358,-1.11220606465419,-1.95816022886773,0.586666820166908,1.1627920909562,-0.71825036577267,362.624402404209,0,0.0830958723861447,629104,554471
"832",NA,-1.11610549417464,-1.20316326250452,1.54592962047164,-0.51180936700937,-1.71897623058608,-1.2560340335686,1332.39539092833,0,0.938076681272486,583627,367487
"833",NA,0.291387235421707,1.08792761568955,0.268899040232137,-0.473374288612813,-0.386537506404043,-1.58218081680519,-68.5032384973462,0,-0.510932951588908,652324,45850
"834",NA,1.63448206529136,-1.35171624016015,-0.195217779252557,-2.08150576756172,-0.537900823845358,0.489784363026401,-1191.55946841346,0,-0.213609386193706,381135,540237
"835",NA,-2.03849434964643,0.869623152748187,0.351308278228258,0.788072933193373,1.95062564794867,-1.28767659937765,-776.617136066128,0,0.433821086282694,757855,432778
"836",NA,-1.63826258090651,0.608260789862956,-1.07983581325273,-1.24792991537817,1.1827607946709,1.07774292471173,1394.53979791616,0,-1.46720170700808,809444,273417
"837",NA,-0.414793852929484,-0.161789867969154,1.09914304654749,-0.413041551617792,-0.642507820628644,0.0136720258699164,2362.77777343712,0,1.1515671759813,910795,741636
"838",NA,-0.694907560931985,-0.332758270620787,-2.95116865849607,0.290900444397307,0.375649090271457,-1.16298778521014,1134.03875670102,0,-0.94370010118493,99198,278647
"839",NA,0.475057848672461,0.545658925298659,-0.165941221917153,0.358430838239,1.42003860841378,-0.693279594293728,1229.08458248188,0,-0.133800927621392,457755,812070
"840",NA,1.22263163885297,0.268147129831102,0.199457682046674,-1.99881726950658,-0.553062010487183,-1.13753130555102,-801.281304414818,0,-1.57754221310149,25551,308809
"841",43.5811024848881,0.0551066463751324,-0.0878824268928851,0.750100993458279,1.5463442065658,1.12978500736868,1.56027688263261,2079.05450480176,2,1.47343739226323,591538,313033
"842",11.3373472176355,-0.356647943185714,-0.456494400846853,1.22346898738188,0.413833937145153,0.647715219623946,0.597846425208914,1075.31393208115,1,0.691578026613826,513127,966326
"843",NA,0.375870965598982,-1.36652068445886,0.0960962619455205,-0.222681805247999,0.843063548265175,-0.989063043192823,-943.549606783575,0,-0.483350662908713,578651,64772
"844",11.4884284995988,-1.07238427787987,1.54766049417733,-0.560543075708756,-1.38437888371383,0.329885291609709,-0.589260922223237,1017.43790546159,1,-1.68858146950125,179225,211789
"845",NA,1.43180423728936,-2.11919944112786,-1.20386733561495,0.685577328073398,0.120433602826227,-0.335256073656382,-1367.77267982652,0,-0.692911055094313,742318,114414
"846",NA,-0.178674962730489,0.938472794858376,-0.322110032749832,-0.52695466055409,1.03672837800473,0.00826396303235142,-374.626867587041,0,-1.34715841322989,927970,555754
"847",NA,0.553924725222946,-1.28395055951831,-2.89212339696747,0.551186484863087,0.948882536822178,-1.60008685411894,-875.20684269783,0,-0.213536258778194,790362,337074
"848",NA,0.16270292891658,-0.211977289475826,-0.239583334519351,-2.16386618083023,-1.8735298999635,1.47045073952751,1799.56742931984,0,-1.47426502341787,18504,249500
"849",NA,0.5972350616403,-0.245243330158657,-0.0456611675599444,1.3652484160804,-0.213348091010567,1.95742799160042,-157.478762182181,0,-1.31707914771262,387848,132325
"850",NA,-1.14599569752594,-1.40429299038617,0.6067950754246,-0.46419833985762,2.12510608544624,-1.22490326446619,1107.0102149734,0,-2.61353983856818,748772,467665
"851",NA,-0.623308105523102,0.0563654222391192,2.19028098513464,0.888056467262152,0.435529365625259,-1.23925460412284,-291.807161277765,0,-1.66601898453168,429472,660591
"852",NA,-1.26039700370084,-1.45545837427105,0.0513301321086464,0.702122949033141,2.38726376850358,0.667271188763754,-290.136640485927,0,-0.885978619904352,775861,875472
"853",NA,1.91525878424325,0.336497010709324,0.566903009468971,-0.215521568860935,1.03170973863751,0.264899815717053,-56.788983769373,0,0.782253119374692,300622,842059
"854",NA,-0.583887703782105,-1.01360245981555,0.673115190984922,-0.698663721865936,0.741788934604622,-0.717582751753106,-656.209523927581,0,0.276576814322521,570110,749291
"855",NA,1.75082134288961,-0.48733068613127,-0.554379305840802,0.262233176735449,1.33526363641209,-0.761411832329464,961.784933748012,0,-2.35496227836144,462696,261384
"856",NA,-0.745514237647943,-0.1367240122536,-0.134068031025006,0.736597682527361,-1.97044699820268,0.835377042810155,-1279.28410553853,0,0.254735605897668,544772,156198
"857",6.44376756470274,-0.384026308525683,0.20940587817292,-0.186225547307634,-1.15844026800597,-0.037026040360196,1.16911232468645,-673.585178539632,1,-0.716249002559302,943864,817350
"858",NA,-0.29582183151333,-0.0590744418180881,-0.917723939700012,0.551185266833865,0.129417157277368,-0.00100256715743252,-507.758332505873,0,-2.17370768089823,663970,33157
"859",NA,1.18444362874483,0.347468628814672,-0.673403764319951,-0.694043718632887,0.353994156785539,0.217308466336196,-357.670742984066,0,-0.323666687671866,600736,615781
"860",NA,-0.338770146310481,-0.688091914490168,0.504764097538677,0.428054033824509,-0.845309116277244,1.46331869448326,-227.457340326677,0,-1.04350656549139,628199,153906
"861",42.4260736323153,1.42290044223734,1.41110314611229,-0.89617239642617,-0.127217411564378,0.770128435277582,2.40872882005631,-197.298064714097,2,-0.390836788939613,619215,244938
"862",NA,0.083553519662189,-0.098806897036317,0.561340713792036,0.389613532133493,1.19084007600289,1.71262867654432,-36.8740403461763,0,-0.402356593854555,185696,900875
"863",NA,1.31604672868204,0.763923030183633,-1.95746342108599,1.05835265086663,0.723498089832649,-1.26365720501198,-699.84908110364,0,1.40571758011837,569526,895205
"864",NA,1.88080328792309,-3.09250322547753,-1.38186852009787,-1.13764682860902,-0.0562268084600396,1.25829070714408,-1455.05270382524,0,-0.152409875421238,638274,779781
"865",47.7616038113488,0.89428653877938,0.402772575983936,1.34945939972791,1.37170293364862,-0.248480258136279,2.78313571572644,-758.744229010464,2,0.177058335123103,182608,150759
"866",NA,-0.124922584377263,0.344799808790953,-0.120177327003961,1.21993939590821,-1.17408006900256,-1.42764060852416,2302.63757687959,0,-1.03606312170765,559306,86817
"867",59.3186535648876,1.95789959707537,1.96110189422987,1.77581100323007,1.14609740794914,1.17926567777839,1.81767732974952,172.338885145164,2,1.70914154724611,431331,48513
"868",9.64467861643915,-0.0463479282231609,-1.34062614909448,0.193575990383099,0.179085027705636,0.0688503944134556,1.13798091789052,919.202166025505,1,0.146197323736967,903320,575257
"869",56.0940460233794,0.964969842962485,2.43339476866003,0.105724443178742,1.17090372909627,1.30159982257016,0.552819150215176,2158.06655161451,2,-1.13868404552831,861079,963761
"870",NA,1.20599564107178,0.611739345353453,1.33375622203656,0.409375985356514,0.921331881357881,1.18657651060978,-691.440254109315,0,-0.216707482451499,945262,871633
"871",71.4159690915658,1.43342460088297,1.39566705508131,2.70466800349474,0.379409864466979,2.67289570584039,0.977013535233068,-1102.98498853529,2,1.52204821154252,675362,358722
"872",NA,-1.37263131213145,0.756314764394715,-0.920457993220258,0.227771166838183,-1.80338180190947,1.24960637100653,226.59912345308,0,1.05319846481617,173402,366544
"873",7.55139643196846,-0.22013495965221,-1.53270677504572,0.273046842146222,0.921801177621531,0.410503547729727,0.242601128077447,-53.4307978397167,1,-1.30002767352435,973314,875563
"874",NA,-2.21836299331837,0.828807010174559,0.698130037808384,0.833794646958312,-0.212127535397371,-1.36832474233404,9.26483196931293,0,-0.943895561042295,894234,820135
"875",NA,-2.11289189688402,0.868662823609679,0.510135241558957,-1.48514083506479,0.25648146590907,1.61117804408504,-279.883104413582,0,-0.533569478201662,853877,482838
"876",NA,1.35261103043888,-0.175292163244013,-0.00255864018686918,1.03221693282151,-1.54746533941224,-0.446147656905274,1119.51652443159,0,-0.807901265239743,313902,236668
"877",NA,-1.00112112228376,0.829870989229013,0.970151106423059,2.35024057384422,-0.984940801871687,0.250645534892283,1199.54532682962,0,0.0785928655478837,945605,266939
"878",60.0938841833419,-0.0398529735705822,1.66394653757209,2.03340976341058,2.41999296420734,0.558465001502874,1.15457010685755,1151.67447240376,2,0.414008873655998,979920,340198
"879",NA,-0.0898075011773326,0.842578824353772,-0.307588927627322,0.885316685838171,-1.2984054649206,-1.23372086205626,2563.66309233384,0,0.617925974875143,56212,6158
"880",9.89083125812032,0.881023849318073,0.391746166967542,-1.06691625491952,-0.676056952396993,-0.17878415999743,1.37162672864779,-1170.7218203796,1,2.00606964025059,735337,521435
"881",35.9591102971926,0.77990975063113,1.50977417234573,1.17931871627755,0.0228236231584231,0.714071099484321,1.23201735095853,1500.41561296383,2,-0.563955996330523,518883,469700
"882",NA,0.395018890699649,-1.50222942673855,-0.630483332351496,1.12062441606062,1.23519279859032,-0.0723344186034008,-142.373372990453,0,0.102425773080588,560858,76503
"883",NA,1.29626575528571,-0.131446648222894,-0.191284071179086,-1.76763452558927,1.33810063070792,0.678561336552072,-309.737337661363,0,0.643742985005541,666345,351741
"884",NA,-0.00653488506913987,-0.753742013250069,1.96292430240056,-0.504853849360307,1.2038553446791,-0.466878957497658,923.586120211416,0,1.05130835484353,632661,37200
"885",NA,1.11180788017386,-0.171546671031169,0.372261013286117,0.625314949261145,0.607948274294466,1.06530487001474,700.473686210728,0,-0.810801766210551,267161,960766
"886",37.9183153625689,-0.593131495194325,1.40972917189893,1.97330090332173,-0.284911615796857,0.334324259807213,0.697390090000766,1621.88686433697,2,-1.19393007533857,554744,388879
"887",NA,-1.37160263239339,-1.3473637220905,0.346280625955516,-0.0828678880122873,1.19420791937843,-0.673156814739799,-928.368803038407,0,0.57960683755596,437021,141533
"888",NA,-0.88908967947704,-1.24502029425267,-0.254972050266278,0.872587040320977,0.0430891108183238,-0.532580636265307,-383.973631341383,0,-1.48888543347784,417762,700131
"889",43.6618025796973,0.971423675478026,-0.519369238311977,1.80470509239521,1.43989655898601,-0.321075641355267,0.3056740280477,2169.19552613089,2,1.21339758459782,220070,817569
"890",NA,1.4888631238699,-0.0811444912702641,0.142906361255405,0.23108898141191,0.456564650693961,-1.69723116220793,-381.199496153515,0,-1.23460342940022,45679,251535
"891",NA,0.291272210848169,-0.765874159428408,0.165305780443164,-1.37683527095494,-1.09162083246927,0.0367815682879817,292.084478949104,0,1.02710750883664,731206,775162
"892",46.3383024612332,0.114266530587854,2.7223626620649,1.44927652059206,1.74582493797846,-0.467982593056726,0.227108115491499,399.114840420371,2,0.0116100648480321,545713,308251
"893",NA,0.308784287645966,0.0305511744305011,-1.30919551920821,0.360273880647131,0.832981297809751,-0.398422119022243,-1062.75384455354,0,0.490541608992527,662674,539241
"894",NA,0.32297847631696,0.171022178488863,-0.00956191046756607,-0.85185079636337,0.862541718081119,1.90264698518272,626.304446422015,0,-0.676936159485538,598958,912280
"895",NA,-0.241016488253599,-0.347398186276893,1.38330647966913,-2.00989870735127,0.320480443057017,0.0612163384982913,85.9498463677346,0,2.04890539726067,39626,82317
"896",49.2632076588046,1.66351227474941,1.36651380881064,0.836255461657069,1.04036055430402,0.788888246607621,2.03303224194471,843.722143104402,2,0.276279267645618,55638,241837
"897",NA,-1.67601914084968,-1.08619878543619,0.455912809102736,0.43308368741506,2.04115852529988,-0.807052365152916,-1352.61992193184,0,0.761920555752713,712739,959376
"898",NA,0.523399858069531,1.06044569051998,0.53844682454806,0.713839473871968,1.01875372855948,0.0899522049108997,2080.09517556174,0,-0.860140383264676,33832,832816
"899",NA,0.886906820954287,0.473684844257546,-1.18254444858965,-0.631333613208334,-0.0179730378135105,0.0961316619791404,1015.31742522321,0,1.41964249851219,944260,305716
"900",NA,-0.89795440564468,-2.86430298237304,-0.0959105736140861,-0.752589025533342,-1.44790877739005,2.02973029072657,1095.5927520894,0,0.665425434879029,993979,966119
"901",NA,-0.621447214548112,-1.20913117258615,0.186633436758014,-0.996555102737671,0.81233915409044,-0.274706608628894,686.56623700871,0,0.0872580555950615,71118,515426
"902",NA,-1.15100993872811,1.83346704979249,-0.673752526750651,1.10381365526542,1.00744392577406,-0.386000551646017,-1929.84732249274,0,0.235537165056199,261413,923247
"903",NA,0.663359101963527,0.38104828353411,-0.179897912721726,0.586045042919043,-0.242177667665133,0.436845137706282,-276.247463959215,0,1.1302915292087,311006,516151
"904",6.62346718749191,-0.73310855319733,-1.13961523181535,0.0964787152170564,0.153591201551974,-0.0867601020645399,-0.0493778453854446,-1809.48085166976,1,-0.857509542540943,64585,669089
"905",NA,-1.08581341906162,0.128286880696345,-1.25289299927074,0.772699362604149,-0.690630715202337,0.383109748450612,-695.079777518438,0,1.05171999732709,199085,642588
"906",NA,0.341367203835017,0.294126754851691,-0.343079702796654,-0.902550668889614,0.758124910550873,0.855925450481681,-107.633506001711,0,0.512162347582698,860269,646649
"907",NA,0.928689727974455,-0.583436762838031,-2.11898873148054,-0.611102787651043,0.512292226910834,0.516298200285794,139.961643177424,0,0.914024976699654,292830,378921
"908",NA,-0.433613536661724,1.95847330116163,1.31313235769912,0.411423225163539,0.651936236330571,0.589066679265553,-1130.76522697255,0,2.00058030566255,490673,584587
"909",87.9705129517303,1.27364509950807,1.32177911569324,1.81366635993157,2.11686550168492,-0.844319906883131,3.60326889881952,80.8372165441688,2,-1.01894198647367,168196,109961
"910",NA,0.154415342641572,-0.286858916819566,-0.564644964728043,-0.637908412379981,0.851237224894311,-0.856361386023154,-1794.20266336372,0,-0.175898817138777,580147,544914
"911",NA,-2.21034215110547,-0.0390828731909395,0.203971129741573,0.599133388515699,1.27509124815724,1.2190031451953,227.979945153531,0,-0.833802529301671,897289,38423
"912",NA,0.104509397555478,-0.334004836731137,-0.126648045645041,0.264422959025044,0.219400174339687,0.857590202303387,1222.92216073883,0,1.36820399420829,22668,334025
"913",NA,1.02185845692964,0.669751551633578,-2.39669696961486,0.486253598758999,0.481187659397796,-0.442178561533355,-159.315628359627,0,-0.285326603134958,29452,268897
"914",NA,-1.24625813365989,0.843809226544625,0.825623114851091,1.48659554317123,-0.183449487949699,0.828823361809744,219.368634135708,0,-0.757381454529186,983587,589283
"915",NA,-0.117119382090942,-0.308684637714376,0.45322558483557,-0.196549543707884,0.149446596354749,-0.293087833854946,-731.636078662439,0,0.434928205010922,193441,566505
"916",16.1283854318369,0.223736674444431,2.02936901424183,0.684014782868963,0.598176787302054,0.0493659988753136,0.518290041970996,1612.51074698889,1,0.61255738450879,828938,888874
"917",NA,-0.0480217110646867,0.169785596060596,-0.526225403584852,-1.45171813371173,-0.670947257096214,1.03362223019895,543.017102589337,0,0.564949257175589,169736,117834
"918",NA,1.40221715751487,0.310611463895009,-2.20525405654264,0.433883354106124,-0.679674508489676,-1.67072569100074,514.159557082556,0,0.128073438560359,130803,458907
"919",NA,-0.149813915945204,-0.998773489527342,0.0757865810817599,-0.501095983742619,-0.176961455109598,1.38890439256993,2008.14631674223,0,0.328816397093601,929276,733078
"920",NA,0.622000875551238,0.748426464929866,1.3036152793105,-1.30688463990471,-0.828633154784818,0.32986158990033,-2001.136335472,0,1.14014073344217,760929,856327
"921",NA,0.848876229049716,1.11400439127526,-0.43791517744061,0.0626495732519475,-0.750952361326078,-0.462744423391179,-610.501311669025,0,-0.0506283801022791,24176,19005
"922",NA,0.723252506734738,0.910668274463306,-0.342780007055876,-2.62111471078754,1.41076984327798,-0.712456881319195,1028.0485755301,0,-0.505333904917913,390348,159426
"923",NA,-0.548314228268984,0.0393390843605351,-0.683423112746204,0.302745203274675,1.00475462435551,-1.03122027105511,-997.811799622491,0,0.0564972348281335,734092,996331
"924",NA,-0.930836632222378,3.02536422225071,-0.213419482043867,-0.520299216557151,0.069901679881635,0.484288229361131,334.66873561919,0,1.05726186312582,323747,393109
"925",8.07137425556022,1.62868358221066,-0.152822794942036,0.413298358096136,-0.456634426717321,-0.137341553461832,-0.0382985725725457,139.337330897401,1,-0.454263580762406,80924,309875
"926",NA,0.606096148526124,-2.45310031826546,1.06153309267956,-0.324388045526537,-0.715253502259221,2.00409478044921,836.06767079653,0,-0.718954559441119,296292,229337
"927",12.6530460529538,0.401808302172605,-0.934770570618552,1.05917806383513,-1.64898929210609,-0.107571417822172,1.30463268577122,1103.31855547077,1,1.02299796787662,37951,479573
"928",NA,0.579679457319125,0.211718217961677,1.91868262464527,-0.0796040999742944,-2.27369308407633,-0.629003594834472,820.2954049036,0,1.34868896256215,820706,964209
"929",NA,0.0124538164196297,0.279103489810362,0.694652078699122,-0.170678152038763,-0.418946324491177,-1.96640801526659,995.849589116439,0,0.497127762052865,171065,167611
"930",NA,-1.07368133881413,0.577569818747826,-0.340741678784047,0.851832095444081,-1.13682440038913,1.29988429071792,-1655.64441496049,0,-0.383427620741663,277402,774206
"931",34.6390535088585,0.897266751947667,0.811011599679782,-0.912451485856184,1.52437948047027,0.199211818695355,1.1449530155288,1628.86576765648,2,-0.0386529731250371,843792,855367
"932",6.96742967850484,0.105714930261348,1.16793794934447,1.01891706281804,-0.330651286330722,-0.846154907800441,-0.511166544288486,-830.039680804903,1,-1.48880671953432,100256,926410
"933",NA,1.35591422171902,1.47820094117332,-0.853060250015533,-1.21542369092271,-1.32194904488116,-0.114450114354952,-390.894242222723,0,1.29486381910238,2587,146080
"934",NA,-1.60937295331209,-0.583937120049863,1.79172798786456,-2.63326905768757,-0.50687881826795,-0.493136475627994,1514.93526422196,0,0.236612729253686,727874,75644
"935",NA,0.363413652758725,-0.841966122165221,-0.214603524608062,-1.06738960007897,-0.214313236255882,-1.42293471910298,-80.5412309691369,0,0.750659311256216,620249,138772
"936",11.6509808314293,-0.304856409037722,-0.717300139591753,0.121970940245458,0.926956148477058,0.297174328625985,-0.557889983099336,215.929473815803,2,-0.315003055158124,75819,107836
"937",NA,-3.16694701186579,0.269505366288159,-0.83610428136694,0.599337253603543,1.77312906448187,0.218478571772507,1733.42472476848,0,0.32394749964843,435522,415701
"938",NA,-0.448809234480647,-0.108656664416156,0.157974964164241,0.724273138594722,0.787512985096857,0.179490042116712,-1484.5162991215,0,0.639882295632238,102413,648047
"939",NA,-0.833485295876635,0.660218185550929,-0.766693287553708,2.57277194581083,-0.193143714628143,0.721397722830457,-1219.41317799542,0,1.247079518547,186854,503844
"940",NA,-0.487266195011874,0.278351064796594,-0.14165699639234,1.39080992449173,-1.24666185931501,-0.497955519315966,-826.361959462547,0,-0.404985676390842,562847,805576
"941",NA,0.5880708787992,1.21235692375022,-0.15770133748304,1.31877745076289,-0.987667173388209,0.437158046167827,-467.625249483386,0,-1.63524736836271,979603,496371
"942",NA,0.334862550581025,-0.452171273271608,0.616711695912928,2.1068035314147,1.58980146200921,0.245799961069903,478.475731818104,0,0.820719455761342,754036,660551
"943",NA,0.141117177177222,0.919363425273557,0.655000736336474,0.252337411220963,-1.07395619835829,1.29474458938105,-400.934819367573,0,0.375053336742409,873300,914460
"944",NA,-0.100037164381441,-1.50613277977124,0.161973240411894,-0.667822084304108,-0.306619380161448,1.07375932456308,1437.63082782964,0,0.355563080951587,474724,154629
"945",9.88591126590399,0.574208204849429,0.602510924399494,-2.01414895037012,-0.260749818932409,-1.53395877487909,-0.426842805049655,-1153.89896444335,1,-0.19686134624019,183537,157353
"946",NA,1.01312558434954,0.35453948664808,-0.684667473941255,0.432949142888155,0.680703343272997,0.0721141626788966,-630.497410755626,0,0.136314623795583,637148,291862
"947",12.7184882840047,1.47098125148819,0.941507313584815,0.553933995862403,-0.321102279839489,1.18962134625215,0.593237530294791,307.033640356394,1,-0.520647009658892,739370,731924
"948",8.90812282543492,-1.58620166831891,-0.00231574322919449,-0.948260943077288,0.798525743563019,0.218897839858904,-1.99313182736461,278.778482144596,1,0.853326682859665,562859,134928
"949",NA,-1.60412529612448,-2.3743574547314,-0.498002339493996,-1.46194206813693,0.638115164495901,-0.445759613395927,-750.733507648124,0,-1.93646807879984,308963,636352
"950",NA,0.0965672398342996,-0.416217985435718,1.13923174885025,-0.05524009397575,1.29328498477343,0.566827485624572,-245.692170296693,0,1.44052343750285,58617,328571
"951",NA,1.87358899901924,-0.348404528732575,0.593330655716566,-0.605031033516245,-0.472548242107521,1.75144945761448,23.7181006207853,0,1.37578700809596,979325,643042
"952",35.7496317326604,-0.0681832280396377,1.62982799030779,-0.142482749664223,1.46003034511874,0.29863352700732,1.24140798703347,1368.43282667908,2,0.484385244897957,405652,576444
"953",NA,-0.299781627919986,-2.15425958323233,1.90527312243293,0.439823796412619,-1.00017209390411,-1.1331960195922,985.644910115388,0,-0.313882917694338,265159,206282
"954",NA,-0.609702449790823,-0.555572253377492,0.644911755523169,-1.94196514419338,-0.685401963488747,1.30220472588429,1650.18609836349,0,-1.43620691153449,4839,904375
"955",31.8457647712801,1.19139813996686,1.11537442425281,-1.25876591931704,0.500160276982401,-0.654220486526175,1.08841930711817,1533.96167535467,2,2.16371785130992,939427,493436
"956",NA,0.867203262665491,1.75764663605098,2.50430912549039,2.38952993293403,0.880090064306521,0.308740357667958,212.993501397654,0,-0.764281903402496,971940,645849
"957",NA,1.02158131548969,2.43072695170473,-1.00276173253275,-0.543334720200376,0.279656836840173,0.193735571628207,-9.12992478206631,0,0.197589273816786,488495,150100
"958",13.4627182198687,0.657824472739289,0.764156002799567,0.326329678597508,1.71152284551939,-0.762996246880333,1.08625923937766,-1405.71235377112,1,-0.894310482652419,208856,822218
"959",26.1550541312107,0.353961442337262,1.12730259898846,-0.00169114615224486,1.13947007194595,0.362674103495734,0.983266328354431,1218.18015741718,2,-0.146005088035975,87749,89040
"960",67.1908314638177,2.48971539446734,1.54327334342318,1.31160325082636,0.686121909728495,0.558283642017633,2.39237969666757,1461.84330381493,2,-0.328329963246025,464999,323307
"961",NA,-0.0927422707917023,1.0740549669035,1.22708198539995,-0.884691153726024,-0.633503330313524,2.04420806001963,-810.898579929374,0,-0.554291698016128,326775,912061
"962",NA,0.492003502088841,-1.07731579531775,1.44107532564511,1.1392814495143,-1.49894591184759,-0.684095119691619,261.438242896455,0,0.336826530889097,819985,120570
"963",NA,-0.984153769079528,-0.44464728610669,1.07412839665883,0.704653730684468,0.252382079759165,-2.19433935145147,-908.371704081894,0,-0.382425250539507,468082,660700
"964",NA,-0.181690695148,-0.450384705440001,-0.747861510057819,1.38076814402362,-0.844121853793008,-0.540621166258706,574.670962823747,0,0.240572822424187,760561,962983
"965",NA,-0.679971209598621,0.221969709666945,0.10400254708875,-0.208627453555466,1.4016251266681,-1.3892474170093,1239.92766407548,0,0.819006332883565,442338,463396
"966",NA,1.83648039835012,0.351652298150263,-0.353448421981924,0.954430184974224,0.662953567969152,-2.88305874991348,-1545.13973492235,0,0.442711561483535,270261,779854
"967",NA,-2.16979229231604,-1.35933958231597,1.35575719955504,0.480015081851572,-1.73118643767014,1.75760554879483,621.729697677455,0,0.702682234955188,25662,257706
"968",NA,1.04586335760602,0.328619409612649,-0.274972957212613,-0.42116860168739,1.34083921151904,-1.42610558005333,736.057102135499,0,0.0817262621063322,691438,683244
"969",NA,-0.0100180652519562,1.47102208019652,-2.14933860202405,-2.90854356551358,0.344257138027805,-1.00665985487637,1020.99706902593,0,0.660412975374442,980061,455669
"970",NA,-1.92792402329239,1.78640001246779,0.347907939493101,-0.0691245348763986,-0.543418106706084,0.0779072181297883,1010.28167935335,0,0.514704377086949,341453,645340
"971",NA,0.440663305945938,-1.32096219508119,0.960805812983359,0.188929573627958,0.185839318286128,-2.18868943713944,200.532776811426,0,-0.314921062654362,480306,683616
"972",NA,0.69606930247602,-0.516120258819495,-0.35501343108072,-1.21397190173617,-0.455453748577126,1.11899741473433,-1106.30152746438,0,0.24087061135902,830267,845619
"973",NA,1.54101227195059,-2.34235443232496,-0.262093890483707,-0.674557860908922,1.19461352580095,-2.22520101522785,1558.41773099682,0,-1.56502744512969,995321,290216
"974",NA,0.853549098809468,1.44987542580221,-0.491264293595931,-0.247756127796423,-0.0161275352724163,2.16841867550165,-2002.05644666034,0,-0.0899207321646396,136132,474095
"975",NA,-0.612735072552436,-0.155041399008317,-0.833373621165302,0.957151310274804,0.383644154745153,-0.601128419893,423.289043628712,0,0.809387135566753,614600,794210
"976",17.0333045738574,1.74017199456982,-0.251857024527475,1.44165025659489,1.41415823562457,1.25238030007693,0.598155761403817,-181.306346708876,1,1.0704597411294,175137,358574
"977",NA,0.115948232855835,0.860599783580476,-1.27840856088056,-2.65589954250403,1.1887737430812,0.907031725694807,-803.124110277589,0,0.387425699954796,347532,839351
"978",NA,0.985250526095239,0.765545209025839,-1.58777599670257,-0.598248827784942,-0.414161440630379,1.01600745723353,8.87890551433257,0,-0.853582116028617,559191,810074
"979",NA,-0.107608541450862,1.17060323340769,1.42454543136689,-0.725753376534142,1.21201977339925,-1.47680375485987,-830.313615219591,0,-0.746432861477191,690520,518496
"980",NA,0.908645897730846,-0.664288563596906,1.53635196200205,0.850365964730499,-1.24077581333236,-0.271538448647939,980.670076443661,0,-2.21042963787931,149982,41091
"981",NA,0.20477071082073,-1.37664821014404,1.3184403440054,0.799891496236077,-0.310854942025354,0.0523744382957036,-886.284546900973,0,-1.01802843294988,746420,79554
"982",NA,0.556809420570526,1.90778554376791,1.20177396834334,-0.0539340744399737,-1.08000172172533,0.875923011349279,1579.59991161824,0,-1.11658474845105,649795,165447
"983",NA,1.23744733731366,0.114934703559653,-0.871099424207083,0.212548988557589,-0.407622535209538,-1.29281217271598,-1045.05342243966,0,1.44494282082283,887032,828881
"984",NA,-1.72168472869764,3.35282128649801,1.1672153373795,-0.799658907771119,-1.45701049929395,0.862576917144638,-61.8797641322522,0,-1.05224621523796,553786,102547
"985",NA,0.379369502447967,-1.79354111998728,1.82812544077179,-0.85618591602505,-0.181040260504251,-0.174159781628288,-728.192146826605,0,0.614344612282714,543052,337231
"986",NA,1.58873878089924,-1.5908508158698,-1.00277001553656,0.185428450756695,-0.494680324572983,1.20542415594866,150.592160526869,0,0.535719307311905,542486,369664
"987",NA,0.502988260971316,0.847120929663243,1.34356272132993,1.68304473232015,0.507646073289821,0.753040482538978,1470.74484597683,0,1.30105406937878,76914,272957
"988",68.3564311231269,0.0748599696217244,1.42375410398522,0.841857076132418,0.0637538159660779,3.20547922350383,1.68336121888027,1632.74246856256,2,1.83132493869754,171650,627687
"989",9.0891641036253,-0.700433022419268,1.68374133314968,-0.58357083855117,-0.170039058625774,-0.531602110205237,0.666295988587651,-63.7177995043234,1,2.57962621245383,364557,555472
"990",8.737861150883,-0.178310575767239,-1.15237231676819,-0.245578883507257,-0.533876404513572,0.838545733004908,-0.373283488039823,1478.67231227969,1,-1.04567647916955,893377,117167
"991",NA,0.124816651649945,-0.298737956627409,-1.8511905605536,-0.223602721606153,2.91350737570675,0.679116620491209,121.846728530394,0,-0.0594079595970997,427442,64873
"992",NA,-0.732954979309476,-0.857681716340557,-0.0143296505380015,1.27252613593639,-0.934912638214255,2.54940037070869,-657.257282464245,0,-0.508015483693727,710782,805910
"993",NA,-0.290302658076272,-0.0660198651849876,1.70059270549375,1.60314729997417,-0.44534361418639,0.791118340379527,-67.9632820494092,0,-1.65901158511304,366846,993082
"994",46.9430106225285,0.123068358559978,1.42542879596705,0.166646031060832,0.949601987908601,0.749023164682016,2.58976914172092,1275.69572477206,2,-0.872179620422546,964099,971796
"995",NA,-1.73526896024247,0.513827805766162,0.0693635890748961,-1.24443471334005,0.369610886848422,-0.658397040964747,25.3383889291742,0,0.479115333815936,28949,632727
"996",NA,0.409397338758091,0.0206452396433505,1.26613029356326,-1.99791485027618,1.40740103700045,0.974387046383099,-1982.89040232234,0,-0.86772347028442,755196,222853
"997",NA,-0.164824190884921,-0.73769090462924,0.165821780950105,0.488754277528085,-0.68215041141116,-0.965786539103068,-590.247634371776,0,0.217626574554448,889268,493591
"998",23.5941471506446,2.28609875295169,-1.67786285531631,-1.0853019529158,-1.34052910856238,1.96737709799068,-1.87866818753756,-710.140790675531,1,-1.23277316768873,913851,467621
"999",NA,1.98509816762615,0.648111592326953,0.672718152958547,-0.118523457556722,-0.677740779538078,-0.746519382903431,-106.900225774861,0,0.776758725962848,559720,284586
"1000",NA,-0.810543477004981,0.30902683494899,-0.222530633114595,0.0529106961835849,0.925281329539329,0.878550771558475,304.963712454361,0,0.710926583042257,494820,341587
"1001",8.22607940978088,-0.559592014352068,0.781954676325879,-0.539633800789311,-0.103922550675753,-1.69282231508673,0.974299775479389,-477.128816409116,1,-0.696522283415318,392838,260544
"1002",NA,0.215423894089327,-0.121377180096103,1.68006374532346,0.318765695642067,1.97743658484438,2.31120127265208,-72.1806816176366,0,1.27480705280071,491355,99872
"1003",NA,0.161771829472707,1.24453188875874,0.426467248622281,1.37986837469029,1.97639148304429,-0.215413973245884,120.042661396906,0,-0.321923483104028,943590,44690
"1004",NA,-0.816598085174442,-0.216619474034732,-0.294961762570618,-0.784649744556771,-1.37817912010997,0.11715159420174,-2070.26002193054,0,0.754909022678393,420481,444123
"1005",NA,-0.964068020730118,0.366727994905977,0.428000243974664,-1.08001045489125,-0.308955866235253,0.113442729397852,112.260388662156,0,-0.186213923685221,312732,507322
"1006",NA,0.172679465765276,1.1261281599522,1.05880659077121,-0.381601088174459,-1.14686733058577,0.215957705108509,276.68755382926,0,-1.192367420648,148159,558961
"1007",NA,0.144653266622074,0.237955126733222,0.349903382602353,-1.07689263073719,1.30701996107296,-1.82227534659653,633.073526430372,0,-0.453043440050011,37177,469112
"1008",NA,-0.952111447781324,-0.0982955211531981,0.979038466019065,-0.351742527562853,-2.42466179954405,-0.622822762744205,-207.857158477731,0,-0.505595274373025,837785,633850
"1009",NA,0.944132037950416,-0.211258441809665,-1.86777775631341,-0.0150458385459138,-1.15622141369452,-0.398460281020189,813.68468773408,0,0.355103660617476,690187,877209
"1010",NA,0.0479262965474609,0.258593504394961,0.210069406540861,-1.31993956129158,-1.70306120899067,-0.366757835007584,169.386110995987,0,-1.77071156534081,40295,309045
"1011",NA,0.268976953774945,1.17950912489911,3.43403816760066,-0.116991600812232,0.493416070060671,-0.159964284443713,-862.504849628266,0,-0.339999083856521,249582,726353
"1012",NA,0.987616776911505,-0.517749651839169,-0.468070729548153,1.86347467979995,0.148463257433053,0.538451181603203,-458.723525892922,0,-2.01237352066559,483850,244742
"1013",NA,-2.57827296451592,-0.932188598470941,1.47709161967844,1.2920828280115,-0.625469515060004,0.802361000972598,-161.759709732013,0,-0.0670895256970898,189586,377697
"1014",NA,0.852047331724894,-0.67300175687868,1.72024681425902,0.50484692662054,-0.668303670466403,2.44440910263465,265.097985789838,0,-1.06681431633892,186628,240701
"1015",NA,1.51577179859324,0.958812776667859,-0.382139733307223,-0.59638479439333,-0.0061173458041898,0.438610752375924,446.426892507002,0,-1.52913804357847,433626,833883
"1016",NA,1.43809039016487,-0.356553378347801,-0.469996887696652,1.0706606506538,0.649141335233461,-1.28666364772546,2799.11572016706,0,0.124530941129444,674210,751745
"1017",NA,-0.834714924143437,0.71568490530294,0.51292656036557,-0.0239147802294242,-1.16522386277223,-2.25995821723547,-2437.96999283179,0,-0.84849777198488,715031,747780
"1018",NA,0.491129363401207,1.03981618210072,1.79448585047879,0.187244155325092,1.00243669399911,0.531482634358034,732.298465108483,0,0.653445404770871,167279,366776
"1019",NA,0.594246506365762,-0.512393454163886,-1.17559036282294,0.589868216172084,0.130094654875299,1.04794685490298,743.883996292295,0,-1.7266750479596,852089,341720
"1020",NA,-0.369571282426134,0.0881230666744408,0.330347452775943,0.483825860749664,-0.891569051698727,0.399344730676958,-1514.79473907825,0,1.04763369113464,603987,286768
"1021",NA,-1.58568117848738,0.517360578545913,0.801537745963823,0.518251137837668,0.480769336647269,-0.0200781972107004,-273.019095097619,0,0.75152240219589,397125,641494
"1022",NA,0.549541954541755,1.17280133347116,-1.87514448356319,-0.276325225526485,0.927664942013158,-0.213969797223242,141.771347623719,0,-1.3287237931188,107423,934596
"1023",NA,1.36876898403696,0.075585002229235,1.05229003268314,-0.925409031975016,-0.0531103394314484,0.793122960238861,2051.89208237856,0,2.76706548611094,815536,713107
"1024",NA,-0.348049834878956,0.292171838368469,-0.283463444510192,-0.199475320499239,-1.02556893957511,0.450270702115307,-1570.38568002548,0,-0.492074199878921,653138,621009
"1025",NA,0.365423433249034,0.0291382042471842,0.558296128898989,-2.45091011340306,-0.255306049064512,0.17817029629046,-358.90397481531,0,-1.38606671768564,552150,81171
"1026",NA,-0.816935914947198,-0.927208494198943,-0.315106879422804,1.62726786349781,0.530154955542679,1.62946252832143,-453.003881989711,0,-0.816552947339142,54239,431860
"1027",79.2952305653137,2.25715525196855,0.703482559386742,1.44351974866917,0.624597622696713,2.7158570731864,1.97887954202032,1551.2053063995,2,1.08142808946034,882477,422366
"1028",59.3205470727483,2.18817064385352,0.931334646563314,0.0040287970189814,-0.00522032010832851,1.90130910300357,1.62828015500759,1976.55386133707,2,-1.20856473327096,523914,495482
"1029",NA,0.971061580178661,0.672905035764968,-1.24093002214265,-0.109202510415127,0.414280581340942,1.04089878764849,-1524.57313526628,0,0.440249598826698,174875,778852
"1030",NA,-0.460712732845635,1.55258006099534,-0.485887751290268,-0.306789556580382,0.762888483903277,0.625768382375488,8.00748334652956,0,-0.509260460898714,949303,765180
"1031",NA,-1.0405855681805,-0.491896790768967,-0.451526333434467,0.591424169625291,-0.315946275821814,-0.595011888849086,166.846760633222,0,2.14165275842568,944663,40680
"1032",NA,-0.431935863608141,0.340176146190479,-0.60835592537361,1.28369864446034,-0.863965225781139,0.9406017884236,602.683907395323,0,0.746507461186803,840277,745276
"1033",NA,1.58385326317331,1.40094880083708,1.7226552340567,-0.821645227831653,0.0802607673208987,0.857275982942844,-388.937854059048,0,0.911654580068251,794082,162282
"1034",NA,1.06815587004283,-0.34360297935557,-1.01540614417103,-1.12164142059973,1.51510650225282,-0.708732271723317,882.951934541991,0,1.37323445835081,668040,126435
"1035",NA,0.459980607210244,-0.812503525940928,1.63571874655229,-0.270624134918205,1.04860518118269,0.691188682649135,-595.795735698661,0,0.596130859970403,509554,551080
"1036",NA,-0.19664853797869,-0.133697249532218,0.0487553265520037,1.48309411043881,0.233859110591832,1.0821684869381,395.009523834773,0,-3.19485360160798,697409,23709
"1037",NA,-0.642684671890195,0.393201117616269,0.417141550886617,0.453067866600213,-1.42446820178269,-0.054087136352651,378.282518130414,0,-0.69443585392869,421740,812787
"1038",50.1124914569786,1.99958382917165,-1.36332861365393,-0.148257568172366,1.68300038735174,1.22493940604378,0.588398658681515,1937.03688380018,2,0.696358988227224,456662,753414
"1039",NA,-1.31056483819439,-1.63364499721212,0.0707085981175107,0.593928563597957,-2.44120774816997,-1.96283371861632,-1558.64434083859,0,-0.115681524279156,989477,177427
"1040",NA,0.53497512258789,0.662701256703235,-0.355714327648648,-0.492775350740221,-0.766586519109876,-0.960178356866981,142.441509870165,0,1.40503383375351,36875,245998
"1041",NA,0.468985729219698,0.581169448386294,-0.0492003856230552,-1.00489443079949,1.07568593397044,-0.67605944053304,-1477.87345979404,0,-2.08712401381447,368481,426535
"1042",NA,0.592527049514917,-0.505982223999215,0.227903652909303,-1.88477490067681,-0.782332683479423,0.642578339732634,380.082442577198,0,-0.311947298051456,237083,362186
"1043",NA,0.373747839512719,-2.31371318481114,0.706329197795756,2.8393630458971,0.510269651056456,-1.37012073303602,2488.36962154124,0,-1.1321663221621,681074,723782
"1044",NA,-1.08061052098424,0.180344608163288,-1.49721349937247,-0.907443322550204,0.941829987716049,0.671757452525427,-86.4114273725916,0,1.08207229839795,661648,292781
"1045",71.5092618764125,1.04164595937578,3.19754080544597,1.96257060177962,0.851453130231673,1.33056987366162,-1.90423627892657,763.106010768514,2,1.36812508215863,975389,140329
"1046",NA,-0.167940615844463,-0.46305921903436,-0.131996154848425,0.450601493317915,1.46282112530227,0.710315222836988,903.799445328636,0,-0.67986701932266,237806,798096
"1047",NA,1.3208042979975,1.76475876972232,1.02360143051445,1.69596138588904,0.27215183280483,-0.9043129152431,42.4851069591016,0,0.602912254472275,605770,535067
"1048",NA,0.596130970914063,0.203216423480205,-0.391308100642716,0.964657402372294,1.88037871876015,-0.658852501194679,371.028483783365,0,-0.101904905451707,303474,533869
"1049",NA,-0.93589992729373,-1.37541797457368,-1.19647736409097,-0.492919697430375,-0.0440058395263174,-1.13195395497898,-1361.32221596422,0,1.19137122905698,704048,107209
"1050",NA,0.633258445889774,-1.01223811684678,2.35667357498212,-1.57536377152527,1.4376754696094,-0.322796418166274,-12.004881191644,0,-0.18227785996239,312705,985900
"1051",NA,0.539668494498162,1.01292816695114,-1.74471052876853,-0.410658355771434,0.0745120246578135,-0.601516549858256,1415.25808962233,0,-0.535332022664047,147741,465724
"1052",NA,0.13490265764844,-0.133629492502226,1.04148468127574,-0.114470214661126,0.620440969137019,-0.190442940623586,1868.44960401238,0,0.0597648582758899,62368,490817
"1053",NA,-1.72315601134093,0.736827611159076,-0.225038306200197,0.191314271201015,1.74831359956646,0.332746934844418,-1640.95463692578,0,0.407753929732152,826867,79126
"1054",NA,-0.880286006291263,-1.06688157133664,0.418230290124884,-0.00513670729452227,1.47947258564449,0.0656872821393557,-1732.6732720761,0,0.0694080468363271,356688,845379
"1055",NA,-0.050589895454642,-0.900547191651928,0.0648233992689627,0.5456638230778,1.07067627531914,-0.797327015737993,-187.562451608224,0,-0.667309691199016,791451,914148
"1056",NA,-0.866762120789739,0.447306552941728,-0.575280600223962,-0.349360029407381,-0.915326885160441,0.732455261414358,1740.79788299988,0,-0.0393688970142331,928785,812452
"1057",NA,-0.203897731442047,-0.522684740922233,0.73968041951019,-0.463112214527269,1.75470471029623,1.33569884459252,463.64533630561,0,-0.738659598029804,216871,766183
"1058",14.6673476379538,-0.875400075144526,1.55065598787788,-0.151505640741496,-0.346059132800291,-0.255311560846722,0.67920924870071,1952.4345946905,1,-0.986028683141053,585316,641418
"1059",NA,-0.281592480532018,0.906159839508049,1.36337082051407,-0.346901348455729,0.0190119570335828,-1.22446061330879,151.041771272374,0,0.573115410617843,886452,485712
"1060",NA,-0.556150181992735,-1.06815948753076,-0.737291045915876,0.734515846521374,0.47337117871698,0.477690246533462,-276.655884649832,0,0.275859871070394,21087,269771
"1061",NA,0.344939085982655,0.786934684719731,0.631118990389641,-0.522845229653543,1.6121103210871,-0.982527522527811,-425.960353421909,0,0.725484295612214,160622,85388
"1062",NA,-0.392279161520214,0.667818912702568,-0.804030717716272,0.394697511369806,0.1655511122026,-1.0362271811852,-975.85958107273,0,-0.937202114148901,593172,736886
"1063",NA,-0.99202676104842,-1.57223103767106,-0.677764434609788,-0.346114692121542,0.19731067519096,-0.468101259779386,109.6086375872,0,1.24607733632077,965494,190314
"1064",NA,1.07396099439446,-0.432552155541916,0.219646925780362,-0.341948261932534,0.27356211721507,-1.5462394603884,799.534240334751,0,1.54671425680247,411314,932811
"1065",67.0039184017966,1.55175868028849,1.17009984950295,2.4876593585773,1.18703731214206,-0.0724487984864637,2.52821104063265,1437.71651057369,2,-0.486271123139706,706307,301757
"1066",NA,-1.06579565216671,0.104857195796345,-0.588638980258996,-2.30807839456848,-0.269155365726429,1.35763337215143,-1809.64000029297,0,1.42386344457736,194871,448955
"1067",NA,1.39380492237813,-0.225229229108687,1.37619120980978,0.0942650308119354,-1.86999109355972,-0.823259288077388,824.576622402466,0,0.175988206288991,435813,315147
"1068",NA,-0.937640293401675,-2.16102071415557,1.10885930453873,2.76612497732423,-0.109981118571427,-0.964527703861917,326.657211284612,0,-0.0217565872492125,851140,849577
"1069",NA,0.237726778951683,1.16242226469511,0.37276369569013,1.18155591019533,-0.516903863180914,-1.47280959264793,-2010.75776424261,0,-0.29116609243492,242832,771272
"1070",7.21375660443637,0.0402366589417086,-0.263572230093811,0.713344309460009,-0.951388402264362,-0.237189618950458,0.316751635355619,1013.79583120516,1,0.0840628536057603,570775,670754
"1071",NA,1.23526821205353,0.879856463951266,-0.927023391838816,-0.621119062274385,-0.760992738919656,-0.242189550992403,-253.46676270561,0,-0.293143260533381,463592,271173
"1072",40.300709964143,-0.128595254964497,0.350231003607456,2.08577480421279,1.24353187285036,1.86769230885962,-0.534478462610465,763.465839516177,2,-1.12464938082639,811450,911210
"1073",34.4230313273074,1.52458653146885,-0.111296967736703,0.886518699628225,1.6221549647088,1.23081446666614,0.85274703674567,358.013261785095,2,-0.405921582484796,636023,147220
"1074",NA,-0.531929554353102,0.479911142068198,0.381452697591001,-0.0602032558293643,1.95698406795445,1.11513545115745,-206.547946307154,0,-0.808269716626645,634916,95378
"1075",NA,0.427113278330381,-1.50701539713962,-0.54262846990002,0.106082253279784,0.263446133173821,0.652864679741966,-279.472365172337,0,0.471160274501577,326808,597819
"1076",16.8274954585588,0.325227806187565,0.418425236749469,0.636374191023795,-0.465206928776916,1.8075553026667,-0.125191901953007,1940.55391113382,1,1.1582836171378,69136,80570
"1077",NA,0.101995691562078,-0.396466526002447,-0.559606383401445,1.70938860543491,0.241852066638595,-0.147710696155716,-60.6475056715703,0,0.321816261940009,968585,906121
"1078",NA,-0.0186296993273783,-1.791338973675,-0.104189182882044,1.25944745758971,-0.211046151557036,-0.798704616463136,184.294229792672,0,-1.29462675504368,969811,845250
"1079",NA,0.987301855975053,0.583723950946305,0.150101189253489,-1.14614237103854,-0.584938763836305,-0.645082013126857,642.85100954953,0,0.437085057934335,875216,512425
"1080",9.45439407102771,0.762888417525366,-0.519217779513345,0.71237850491219,0.0438507425136481,1.02262246716312,-1.42211415259911,270.534843973003,1,1.23543713287683,485076,609359
"1081",9.21175497837943,1.01535654909866,-0.136808464437378,-0.158536966289926,0.803764479037892,0.341371868025395,-0.70919531715897,-1214.94147265347,1,-0.288814386195321,78259,277943
"1082",NA,1.96777443132732,-1.85532989667282,-0.583530405015783,-0.371921147362016,-0.187979472715687,-0.702591990041157,628.603475120435,0,-1.20315925356571,595721,395574
"1083",NA,-0.358578928487488,-1.63649666457371,0.966042510757562,0.540287293405275,0.785035156324508,-1.55278976299463,-821.406368921634,0,1.04305441919268,80613,489611
"1084",18.6403550794383,-2.43355387016293,1.97859126200134,-0.178149059161686,0.752216870951516,1.61049871728609,-0.0456720508539601,10.6862715632068,1,0.382248549230115,23380,656141
"1085",NA,-2.70946716963633,-1.41556091257056,-1.1981046849232,0.254731236278325,0.347161079901376,-0.140802414285235,-1467.01630693614,0,-0.938699712769257,506867,443246
"1086",11.4903138837577,-0.637083390012327,-1.79592489385421,0.256925264180337,1.70197982510543,-0.65221808295459,0.14243751183701,458.129589640627,1,0.328307006621997,170981,111377
"1087",41.4282727403128,0.970399179261045,2.07189463215625,1.11910338860514,1.3617422268649,0.593225422154568,1.0205811410401,-62.1079453543751,2,-1.69030911318693,847777,239044
"1088",NA,0.489984166338299,0.00661978792397175,1.33297231735197,0.251460395010513,-1.18774114171577,-0.703113660549382,-1214.28854765704,0,0.591052591331561,792035,776918
"1089",NA,0.980154262385245,-0.462397424801484,0.694108039741726,0.0871279886728378,-0.452381563617342,0.389507225023039,-406.293943876983,0,-0.772436706929701,989874,515320
"1090",NA,-0.80813877694593,0.377199529741083,-2.38388855551377,-0.765532344466487,0.045930437571105,1.90630613787261,-251.483249186445,0,1.09583110917828,739003,172764
"1091",NA,1.61301703159629,0.0743427925063084,-1.72511671259438,0.604548393908522,1.21799579468374,-0.563622293964186,364.208586220153,0,-1.22684681026709,704985,448803
"1092",NA,-0.769548578943588,-1.76188070198452,0.17207556718688,0.617183451518046,1.32031744545315,0.181088676897058,-799.205725435784,0,0.322928829746407,847556,428096
"1093",NA,1.4483125625481,-1.09146562741375,0.903175055039038,-0.333595024829581,1.00276002621424,2.09206456752743,-3133.71955779462,0,0.585523698263694,859578,107480
"1094",NA,-0.942015264860872,-0.901798139385078,1.20971610247141,-0.0684247374530712,0.199458978646857,0.677142158430343,-147.799140157329,0,1.06460094669618,435492,894743
"1095",NA,1.26888881297341,-2.54467268237652,1.69356966515692,0.404248683822805,-1.18386730643527,-0.228246967047188,882.024408995896,0,-1.28082803489652,25869,199603
"1096",NA,0.562171248992933,-0.0153453846957723,-0.792443486630169,0.835304379231283,0.585348732796274,1.22802722960351,-2391.3679656532,0,2.01821681168559,654297,983089
"1097",NA,-0.669918300455545,1.66235140106299,1.2344870754995,1.00875064636545,-0.258176306874052,1.71461868898057,4.49805104072796,0,0.290322351633246,310583,935312
"1098",13.2775528481267,0.193842790761669,2.08399378431152,-1.32299371581506,-1.39952230697934,0.159540350544195,-0.32211002517654,-777.936777575101,1,0.404245186869705,948195,910728
"1099",NA,1.21719877552295,0.134993548861397,1.52305646312255,0.4398580244596,0.554035897352804,-0.657784756622415,-12.9352165512832,0,0.601598857878288,874218,988423
"1100",76.3193343844534,1.99841062159482,2.1649406016247,0.969392404450658,2.58048926748976,0.0280009739949731,1.44361925140617,1124.0326506965,2,0.763987079893347,359562,983102
"1101",NA,1.80973798095653,-0.990637570406501,1.02338101964837,0.485245799003874,-1.96010294145467,0.110216276188258,1855.40723675167,0,1.96794061555063,626845,282163
"1102",NA,-1.3492068033138,0.415117133546697,1.6613864681888,-1.97372689827111,0.619350450704871,-1.14291291936586,295.743235520061,0,-0.263546661274965,196303,802725
"1103",NA,0.104778045393889,-0.264024551564064,0.176347324880438,-0.898855113963359,-0.34704777340588,0.507375012757778,2158.53673057235,0,0.563913824889281,553275,197682
"1104",NA,-0.714633698863609,-0.391415099596577,-0.320653400392775,0.710287374826752,-0.156965875505018,0.758825989301502,1121.60688578583,0,0.430699965263981,501751,571390
"1105",26.5182437824091,0.640782994400921,0.849034980183566,1.56559434237325,1.044975973527,0.849146985370628,-0.244474186417645,-768.950686180544,2,1.34153836946089,571023,253949
"1106",10.972795065011,-0.410982943809127,-0.248738638298485,-0.975931540479038,1.23014202918935,-1.68652061543278,1.29591075794816,36.8254250952438,1,-1.2070991580135,63446,662705
"1107",18.1044969493276,0.52827908447228,-0.14521823062353,0.595973612729057,1.43021510479444,-0.278422238835239,0.134509770124059,-501.833868565043,2,-1.06315000927099,32368,275432
"1108",NA,-0.741209196061211,0.773005292654461,-0.198738058890843,0.174987364680703,0.941792193006931,0.25106509156573,-1555.34443698586,0,0.155732574746566,706984,682683
"1109",NA,0.0683489172410486,-1.74888778154993,-1.19481273255225,1.07277217517348,0.301967654391281,0.286684567842431,-1629.90690404231,0,-0.667720663050656,373652,819427
"1110",NA,0.296658533320827,0.400779204706885,-0.259738968768271,-0.498093133605416,1.12117617506311,-0.853883065354612,-484.188898443624,0,0.0910567177870979,276326,109546
"1111",35.9530453822553,0.405197939989671,1.29626302210431,0.622721740189151,1.38951794547162,0.139238303697102,-0.13029899771664,2034.75696062746,2,-1.16640031800191,694032,776387
"1112",NA,0.900595008184774,0.143182159154898,-1.36909853079932,0.317093755001745,-1.26735235051095,2.38193788927292,-1140.15663902127,0,0.623995419933794,265798,847031
"1113",NA,0.496907159291228,1.11329926688656,-0.475956561569314,-2.0338181414736,2.08854764493928,-0.452955218281503,1664.11486407085,0,-0.0637021566720448,57852,220084
"1114",NA,-1.10335250537351,-0.0343304507848574,-0.353597628348934,0.256824855982339,-0.421932027064204,0.196636053272071,-989.115609910667,0,2.08617119838484,214994,177686
"1115",NA,-0.460150409871838,0.734982616517213,-0.445317078436751,1.3156760099551,-0.837491188648863,0.704714318572915,680.127524686684,0,-0.590687176261845,798553,645489
"1116",NA,0.111761884703789,-0.0459764585230223,0.346879007166531,-1.22421371074829,-1.62648978259517,-0.783743256625395,1543.57173219083,0,0.613652506044035,486116,583140
"1117",6.21350467948573,-0.594935841185041,-0.236274892313493,0.0545096410298644,0.698186476976449,0.658319887905326,-0.543088115788583,364.467138833862,1,1.10404061352337,977920,244532
"1118",NA,0.1692179043595,0.0049319201049027,0.77154152184524,-2.05442323546386,1.2577033681875,-0.381506895773205,-458.236012553548,0,-0.539946323665693,215428,595862
"1119",38.7342423277444,0.783100761423336,0.505771509334412,1.75196040287212,1.23010886148382,1.28552919232937,1.15616715766486,979.665407240553,2,0.752147349899801,528521,442943
"1120",NA,-1.0888469293842,0.392743508079353,0.02328346595624,0.0488310372284064,-0.697267830560325,0.266514445213408,362.957148625065,0,-0.133089024444471,856235,41741
"1121",NA,-1.49686622503984,1.09389113561108,-1.57926346425665,0.446787686332345,0.614987011379261,0.958328407349589,486.205555101048,0,-0.68854014935195,863344,79943
"1122",NA,-1.42757511933102,0.292810192389877,0.281726492982214,1.7823260517409,1.08428267021379,0.271410990679029,-17.8070517520216,0,-0.595398759546771,682470,129441
"1123",NA,-1.24172501761559,1.23599180995782,0.154916700324998,-0.46415092478152,-0.195352891728019,-0.215684881638831,341.846703301719,0,1.5650399174912,114449,780795
"1124",NA,-1.14094394123893,-0.0266847667097971,0.741259953375429,-0.0815626723074385,1.44609662588308,-0.946890073851656,-905.636576532609,0,0.13381185527967,255441,847102
"1125",NA,-0.915571889019202,-0.598743946641039,0.519017579581569,0.981353958611354,2.30878543438325,0.587084549710043,-352.901529883016,0,-0.258954080429788,400796,547188
"1126",NA,0.668473672305236,0.503825227373413,0.613811654825767,-0.200179093170446,-0.0205899864341047,0.368651818941746,-269.886210907381,0,-0.410563582672215,49785,451263
"1127",NA,-0.561864466459227,1.4046597240001,-3.19810999391037,1.0308704064342,-0.659906494362657,-1.16352589699133,-514.359760137282,0,-0.928220990505143,862899,475191
"1128",NA,0.287677060004497,0.89416949801467,-0.62441209563023,-0.78418373218227,1.5239487506149,1.38963433828103,1226.39238791151,0,1.76729178853932,63601,317186
"1129",9.0802601334429,0.322095701401468,1.37250733348725,0.845104422711148,-0.508504852602724,-0.222278183809872,-0.111794044225615,-1564.89422853476,1,0.585897440938867,394683,170787
"1130",NA,0.174586158613379,-0.0202676582435636,0.483765672141859,0.486006972695624,0.35317357476808,1.22249952655401,985.685625289071,0,-0.406547989022498,36123,118478
"1131",NA,-0.457305229572721,-0.0648561884661264,0.387074433936212,-0.486421321898764,1.17436304885832,1.86865208003526,-814.01943859496,0,1.23381230284708,460950,705510
"1132",NA,-0.247917693147246,0.214064079078675,-0.631733338638479,-0.287279154397516,-1.5413689507044,2.04404639476444,-134.393068305138,0,1.80056930316118,704372,802271
"1133",36.892600616447,0.559908218741074,1.66073877716117,1.10757330668575,0.264571767992333,1.23604322417023,1.57961902242717,363.021555534376,2,0.826405436899578,56632,448539
"1134",NA,-0.570054881093985,0.460702205292338,1.11132293955075,-0.724635179487059,-0.173729947362255,-0.253235165080365,664.821019474549,0,-1.037122355464,304066,937402
"1135",NA,-0.8669524775815,-0.964300270020311,-0.26518073214332,0.281116867674828,-0.183911265493849,0.258451240992345,989.523964579824,0,-0.807085548482242,430672,53689
"1136",NA,0.761704614229823,-0.552799699470916,0.666351029415188,-0.297274292848224,0.260322396672159,-0.208081900098929,-524.973934967817,0,0.958405021516818,193678,564340
"1137",NA,0.0272511020049784,-0.0394743182324528,-0.444694498306846,-1.60860043920499,0.460131392698931,-0.853216325908487,-487.384403309511,0,1.15696627726538,8089,391517
"1138",43.4985811285415,-0.303427646810477,1.24256658882022,0.591176363524739,0.354576067168986,-0.0880318928495514,2.34533887790708,1838.76881084267,2,-1.33713510769861,999259,132725
"1139",NA,-0.408039577882144,0.834641002611659,0.191775637193675,-1.27775156496467,0.0345892128341582,1.21935863117959,467.909077626209,0,-0.373177755037535,193046,983154
"1140",NA,-0.512930905093413,-0.0133584950144323,0.293345283996218,-0.0418485645754575,-1.71228461472954,0.505455529532235,-449.791531735564,0,-0.774791495467774,803990,297955
"1141",NA,0.0296245694758128,-0.549714206023815,-1.08972585147692,-1.61448057988727,0.464526817196703,1.85745630058912,-269.910595597547,0,-1.82763712167391,404325,317482
"1142",NA,-0.561581550630474,0.0710461692812421,-1.81872148564578,-1.8714949922419,0.932921619721314,-0.732158746464443,524.090101934584,0,1.5331963886758,689139,603821
"1143",NA,0.72820010197784,-0.499340337448901,0.258127997614004,0.314474487642038,0.273950725762446,0.205649132498256,290.869980269015,0,1.24958109707519,983179,16011
"1144",NA,-0.697986756616461,1.95264898522967,-0.0672209040911244,-1.42815801692123,-2.60238231283065,-0.818201161739779,1722.50018803203,0,-0.467348871406717,891017,626924
"1145",NA,-0.00709732065955862,0.249099173688481,-0.0185021026854118,-1.27816678045533,-0.30133112026603,-1.34588425942677,139.683555222956,0,0.373851275322491,859089,105848
"1146",NA,2.43270173006553,-1.11597982404104,1.53775098040321,0.185971162703327,0.972647645781236,1.33747221325039,323.384963834193,0,0.700076544724697,839930,859037
"1147",NA,1.92355420027,-1.09395282874791,2.5841069375651,0.158863532883056,-0.715709778523235,-0.168673586426464,-706.456359455419,0,-1.84599655875831,507156,139273
"1148",NA,-1.95556225240541,-0.187274042796228,-1.13161138065511,2.0437001077435,-1.30323584330584,1.50246577319441,-1569.56598393559,0,-1.25198988322221,945288,224292
"1149",NA,2.7694383306474,1.18427988353075,-0.046802765567953,1.118302029387,-1.24898487162451,-0.00237191952380338,-2287.57869953343,0,0.551665401799142,683906,222355
"1150",NA,-1.00747650639911,-1.7125025006303,0.621893150693019,0.628366110075498,-1.69671070054712,0.343747161574941,-346.45131191303,0,-1.22234978105922,777814,945787
"1151",NA,1.80275125749449,1.25246454714865,0.0273036318917273,0.00130311638468183,-0.250439123765033,-0.615117369493817,-611.783138921598,0,0.125030803782955,363111,425507
"1152",NA,0.218348599050093,-0.162338601669304,0.343677689540548,0.930542095325657,-0.0937408110316433,-2.04003425011011,-308.987124991755,0,-0.0515129594904773,5157,681257
"1153",NA,0.164826190164744,0.969849169227683,-1.51979825702889,-0.84286670354892,0.799440481879461,-0.159494016214362,-999.421591555633,0,0.444618231730158,999229,507274
"1154",NA,-0.457936670670901,0.336056234546726,0.234472330274141,0.249273760623987,0.200011347653086,0.717808326632164,988.684496839517,0,0.914004983046246,734450,818934
"1155",12.1778023810133,-1.9034288129464,0.0465941453388443,0.998219180618305,0.784658874435939,1.42464073196809,-0.396397588894828,-56.1076383118821,1,-0.571780413301542,759162,607311
"1156",NA,-0.155429304460521,-1.55559791388338,-1.38537825163325,-0.138952131166265,1.19204460534094,-0.971704361009568,1096.31842281704,0,-0.85159484937072,663225,12022
"1157",NA,1.20335395714962,0.0872567494099153,1.57888494753738,-1.4277216150691,0.280626628202256,-1.51948147284537,1601.39081543889,0,0.209792194261428,482703,693932
"1158",NA,-0.172427428000809,0.010065385342383,-0.416902654499764,-0.858034129955211,0.157984944393375,-1.27820249573172,14.5957342525744,0,0.186788825061273,553054,195177
"1159",32.5360990845016,-0.879971266651902,1.77869356209549,0.520806984448749,1.40833579252045,0.665705306941396,0.920811565316822,673.706550594333,2,-0.417283820097935,464750,47034
"1160",7.71714019033458,-1.12168832547457,1.06582568733664,0.12432830333478,-0.287731499909912,0.597044073744941,-0.13657544011674,438.3067300041,1,0.69441760569497,192043,901993
"1161",NA,-0.460531907000585,-2.43829982668646,0.637430033199463,-0.591340793615242,1.53736422885009,0.648138181076695,1731.07880405261,0,0.178946952556304,775653,672306
"1162",4.4040948470157,-0.382759396865689,0.173486284828975,-0.400815563809937,-0.484440310408271,0.0426013716352602,-0.19102492377504,-1182.44405882956,1,0.303182659371521,940303,652157
"1163",NA,0.233998481750925,-1.41155927242427,-0.835758693386733,-1.56875524213301,1.95612082739774,0.21175297567782,-350.659678325062,0,-0.347315238896217,542748,764657
"1164",NA,0.154147111623688,0.487352359517128,-0.195437562811375,-0.358983312690557,-1.25759289947662,0.139991041039489,-229.003807096468,0,0.947414544996592,247696,873084
"1165",NA,2.95566907013376,-1.77447238659903,-0.202796404274271,-0.981568001655267,-1.49953553969405,0.0887008033312281,622.610784962674,0,2.10491392603736,570525,338814
"1166",NA,-0.0903220036957228,-1.83650553207794,-0.0848953145130379,0.150823746242337,1.0054892591437,-0.71825087647768,170.727683691256,0,-0.386347736562689,683935,381825
"1167",NA,-1.35595455522263,2.0853335574542,0.0153935905042233,-1.92548848117815,1.47219994236835,0.132841250189078,-1247.38337613368,0,-1.01625114638298,203898,132233
"1168",NA,-1.07530495136251,0.898473575265955,-0.225047204765101,-0.863855179226954,-0.50302229813468,2.0413539826126,-1240.23949984321,0,-1.13340061313189,119854,86305
"1169",10.2710368259309,-1.36444409597907,0.118697293653162,0.930878174897703,-0.656920978279279,0.524539384412444,1.29065553759123,-22.5505148345019,1,-1.80886181959163,869115,835851
"1170",NA,0.916585898655972,0.957380144579044,0.611864162349179,0.194775298339696,-2.76036162620661,-1.77099848973091,671.385599302291,0,0.220330755565422,310017,621183
"1171",9.07604264610406,0.67535122089134,-1.34115588254747,0.0196440808825161,-0.767768762969322,0.403790717007079,0.731773239439622,-910.118531183445,1,0.138556390402048,386895,341943
"1172",NA,-2.18279943205562,-1.7129895107183,1.12933195457691,-0.346261979506851,0.0990103897944181,0.113964414760713,-480.140159122013,0,0.412724800309886,563577,789962
"1173",NA,1.25233603708041,-1.06503912819384,0.379343771412848,0.737899828854379,-0.17720819680927,-1.87593454487496,1932.37872652812,0,1.66000571941611,876540,304845
"1174",NA,-1.51644800041503,-1.81696155751242,0.102403397997815,1.02553680377157,1.10581952423528,1.43622795763186,-311.654405647133,0,0.335170434236809,542900,141001
"1175",NA,0.141895384893491,0.674484160664418,-1.43466040559525,-0.496853601295373,1.00551772824431,0.431188583032411,2108.06741801549,0,-0.41009762841799,408270,13451
"1176",NA,-0.0308101999116065,0.236845478026631,0.842402186690379,0.981128311633141,0.515007682338619,0.395487003310592,699.632690201647,0,-0.103947972561905,630423,226659
"1177",NA,0.328333756148188,1.19835060623264,-0.286602930847185,-0.880072891922682,0.60913059750693,-0.212714586096641,346.208511159695,0,1.27089919766205,431816,246244
"1178",NA,-0.344681373828131,-0.605964686195852,0.106288821648342,0.857851160676839,-0.464555152463924,-0.119216400891371,-639.176147203946,0,1.36538211558347,333651,9055
"1179",9.70921307974486,-0.188688250158724,-2.24628187820969,-0.295028636239853,0.702583357206772,-0.436419369455627,-1.69810345684548,-115.580516360066,1,-0.734891065666322,178194,8392
"1180",NA,-0.738579100212167,-1.05440177682971,-0.305604600927256,-0.60506469819441,-0.100904196685386,0.656734009613517,-619.336807405729,0,-1.75937699965632,591312,178773
"1181",NA,0.212769092783535,-0.642588894714921,0.208841771748194,1.90056541846797,1.82316001602749,1.28535131536643,-789.632731888597,0,1.33840619225304,550021,416013
"1182",NA,-0.330873283996414,0.859312718703068,0.725545280133268,-1.20699754853922,-0.165439635092342,-0.788927090238084,-257.065698776492,0,-0.565760115396335,871128,134118
"1183",NA,1.09498009315559,-0.71093159999766,-0.598054976298018,1.26631105040173,-0.359483438188339,0.29354399875482,-504.328331381539,0,-0.354222087078445,758344,217636
"1184",NA,-0.0423883883044257,0.434232913194661,-0.460199917968093,0.21407581693561,-0.707322370990122,-0.359995174579751,-2204.17625619294,0,1.55688520505223,232048,272028
"1185",NA,-0.325522157115104,-0.526490866518809,2.04169883231887,0.469444872381926,0.18205387117888,0.348267793429134,-494.595859758135,0,-0.0775768368672363,969494,682670
"1186",7.9619182705912,-0.704505580240521,-1.55427030136588,0.50544582034484,0.177489965237748,-0.402293574066433,0.0560081685619159,-1684.2198122232,1,1.05331861101939,134720,545011
"1187",NA,-1.03190756655833,1.10534444319346,0.148693038525535,0.911605871370901,-0.473222463293575,-1.27754099145653,1137.74200392371,0,1.54751138570102,789862,880777
"1188",NA,2.06013421786974,-0.0997292831453478,0.225065912423495,0.137549674363301,0.982039808271171,1.91362445366864,1003.24176176363,0,-1.17896403061475,746475,102352
"1189",NA,-0.113337005167992,-0.970727262385886,-0.992204583610857,0.734794451885167,0.698833505954283,-0.0378434141165588,50.395811480021,0,-0.560098309520957,60862,184830
"1190",27.3791177094366,1.02220973406498,-0.687891916429688,1.19619511535287,0.664736303189122,1.6116782609226,0.0590531610967306,-119.285748788959,2,0.293325826874128,46438,67265
"1191",NA,-1.45609388341314,-0.728858309514547,2.19339629387715,1.11278264927481,-1.49829537432767,0.999205088964429,-791.431748845099,0,-1.44413786844759,105252,700411
"1192",NA,0.31016907149535,-0.281239744396384,0.843204677606895,-0.377301698772297,-0.211308111719906,-0.150726619985069,1395.90913694675,0,-1.08039335794838,794165,338842
"1193",NA,-1.19090500029215,-0.265878406689984,-0.772290980642044,0.775161154462787,-0.810258453410594,-1.16154734779235,-1648.98001654392,0,-1.04682095982939,553585,641282
"1194",6.94445916627967,-0.979546169411085,0.922657549892676,0.162701425365655,-0.119766143477114,0.0268324097541523,0.0486884760139749,636.722078053115,1,0.329300378180438,751240,91328
"1195",NA,-0.647242164210739,-0.690636309056525,1.46051133699679,0.450722986037187,-0.984035267371187,-1.95006863027994,693.051128228932,0,-1.41045691735457,711009,127725
"1196",NA,-0.119315923637348,-1.44664292465034,0.677628778226727,0.856220459003879,1.68481544095965,-0.903947357380937,709.995098673459,0,0.472055704390699,861979,29659
"1197",NA,-1.97406260785602,0.0412588424604498,1.12865050022309,-0.877471434684883,-1.31918954119327,-1.50888823202078,2123.33337068695,0,-0.195334622753387,286691,79872
"1198",NA,0.213828956118956,0.332839801284227,-0.501811781160462,-2.74800927041915,-0.69381691111446,0.295283922051474,1053.28684799257,0,-0.0720516256350366,293809,413191
"1199",NA,-0.650521236230799,-0.67021085057083,-1.02388411218113,0.879440012358957,0.9124381712406,-2.00504994778496,-87.6437359206983,0,-0.450412246612974,519227,710254
"1200",NA,-1.31479187594896,0.940634038605934,0.141431559909363,-0.500464921897226,0.0672587706571676,-0.599875096863599,-1481.74427576571,0,1.23341427115453,55283,137930
"1201",NA,-1.71753604988199,-0.211851514912672,0.0436817936762328,-1.80496575769538,1.79747477212983,0.061225061131399,-97.2938325919076,0,-2.57493546856593,616534,980676
"1202",69.1657893313803,1.58621479998058,1.33337355682523,2.05009027429129,2.26628020809061,1.12006813916371,1.50836215826944,597.301588504323,2,2.31795780191399,911337,995473
"1203",30.951205410289,0.579689220354135,0.663236986878905,0.34401628807501,0.726353054287079,0.969820932227046,1.56697171227262,1327.94361861961,2,-0.305832362261547,383866,381844
"1204",NA,-0.247405547131092,0.0617424347169549,-0.43465389078052,0.756778991795022,0.864182664425838,2.00596052475046,-539.643767536336,0,-0.312228839478326,162734,989917
"1205",NA,-0.41140548104894,-0.629948886215076,-0.933969968833124,-0.109830675561189,-3.13523674952935,0.502288777686345,-171.612539038074,0,0.303302996579202,49845,959525
"1206",NA,0.48969344168308,0.884519092548578,-1.26522166740118,-0.862397650064044,0.176428679840573,3.15639098295867,340.038324241005,0,0.663695767728668,870259,796952
"1207",NA,1.31031494444886,0.273193677041759,0.736102058793382,-1.24019011480787,-0.323761062778047,0.266438007963746,-67.1165158717985,0,-0.180500289029971,381584,562269
"1208",NA,-1.20213822659476,-0.432092951149026,-0.12032668125578,1.39651694281155,0.436501487644015,1.91330740663048,-525.192534890241,0,-0.659454792419142,944223,637734
"1209",NA,0.48742731927538,0.944793525485039,0.114613143700834,-0.0662947190860986,-0.527645795079102,1.34217320242677,-939.88155992308,0,-0.726001755491624,728218,338594
"1210",39.3402776600902,-0.511298159891476,1.03216270949652,-0.516178935586973,1.65651989300618,0.450937546284202,2.4037596061851,-420.952056368586,2,1.7188002511215,876020,592935
"1211",6.21357280944191,-0.0275067221217381,-0.14672908190101,0.44549668630826,1.1213505796739,-0.213885881493636,-0.116483164609604,134.880829039792,1,0.0802779565299539,304355,377212
"1212",NA,0.345305372056131,1.79102734829931,-0.416232858974322,-0.417626808730002,-0.560467924425788,-0.0960975756784201,-1741.76900570376,0,-1.30758194365124,312096,688932
"1213",46.0685261848963,0.967093095218854,0.991085755332806,1.83639904971055,0.257537776103473,1.41096599726357,1.16727866118267,1721.23038232154,2,0.077513319781859,682885,134428
"1214",NA,-0.656963888254623,-1.3293340238038,0.764423193390896,0.826991393513849,0.145762767278741,-0.547442766406867,-1079.50153565191,0,0.691017160960923,486901,996423
"1215",NA,-0.308621614292058,0.655640501007572,1.81600459954821,-1.29664097726988,0.908032273778276,0.872007663234796,1752.7780533415,0,0.226478863791691,647428,288167
"1216",25.5951626199007,2.66087404175028,0.186307010924257,0.401814981835197,-0.934114829117318,1.11092207800915,-1.6746257624308,2079.5156833941,1,0.171641237377411,157447,143065
"1217",7.93568752027995,-1.22468316003928,-1.27904930898328,0.666024574385057,-0.529332283810012,-0.313609658318295,-1.17090830402856,-608.570367943703,1,-0.465750494193301,542682,207210
"1218",NA,-1.75557839768113,-0.562175529742607,1.17342747100396,0.527059460680731,-1.50282259939927,0.408058577268127,457.018202990752,0,-0.38299640456588,92339,526860
"1219",21.8505544114176,0.481337899365652,-0.429591140944734,-0.162062864689513,1.35631353622167,1.36023307065365,0.352377001008512,-619.385739870523,2,0.352515949225258,46180,489252
"1220",NA,0.368993810744471,0.0736909280589105,-0.0269792944889749,-0.161407225392525,-2.22258284037366,0.479634111709177,-368.048459115829,0,-0.530861222645075,984499,215756
"1221",9.76706846555666,1.04023454111521,0.155064407736776,0.420474535629957,0.756542535206358,-1.51555959257453,-0.792139166399335,711.22658603692,1,-0.100270159392082,128810,480508
"1222",14.1655677374195,-0.231643509320248,-1.3300291936185,1.50852329968153,0.475284073009019,-0.536187759863143,1.72608219440416,351.052738362129,1,-2.67873474827007,672804,122288
"1223",6.54083169511545,0.128798157030754,0.116296717015947,-0.178219086759313,0.832416294111041,0.622962795567361,0.141220740649051,-679.814632388621,1,0.402596925412303,105341,331664
"1224",NA,0.0203451942749935,0.465308837097988,-0.422219436625502,0.848743771388527,0.17180836345105,0.040511387848377,-63.1796280699945,0,-0.00848053579148657,108666,754476
"1225",NA,-0.331864805562043,1.96111827924175,-0.40812778898932,-0.474947198326907,0.398197001923874,0.765417538706803,624.67660955264,0,-1.87597763394483,517144,768947
"1226",13.9869396167924,0.406893432329071,-0.65158839211044,1.77803345072162,0.0278925926675048,0.252258983071771,1.17114043517367,1045.52430317295,1,1.00501304186646,812211,727218
"1227",NA,0.731497027837714,-1.71955529849751,-0.203003790084099,-0.934775738969264,0.586554130335187,-0.941937007356367,367.535736888238,0,0.316757898290597,879498,798685
"1228",15.1220426509453,0.708089594537055,0.00342752690723037,0.733223460788281,-0.843191363959775,-1.26934404058325,2.2546401645256,107.634039370677,1,-0.788019420692235,926036,659738
"1229",64.2496822904864,2.68639305503265,0.840674890825297,1.91181946593071,0.663203863834034,1.17155587109184,1.96911134450017,956.80019789242,2,0.749575377191304,895566,220206
"1230",7.5065359872825,0.68992035534568,0.694529096325095,0.475686262327493,0.451365170149017,-1.07174018761186,0.0594681307053997,549.644465311615,1,-1.08970839584935,252833,215198
"1231",51.8521610633041,2.54915898945324,1.36894558502444,1.3080494788766,1.00175592850631,-0.442531732178666,1.34118760595981,714.079551133339,2,0.904243082102317,556112,50412
"1232",NA,-0.555721515070977,-1.56964207364185,1.58685905846854,1.25851834771834,1.39711092383173,0.127795342999876,1109.31110997719,0,0.398765053315186,285837,270949
"1233",36.6773721893466,-1.71400986054374,2.24607597086317,0.644313609601737,0.833204183886366,-0.150904905995016,0.884253370735018,785.283600275739,2,1.04480670619658,865058,716264
"1234",11.7287126619023,-0.176188174941178,-0.0871046987274846,1.40726863520457,-0.820646943788395,1.59974464683843,0.370196268083299,-65.8399647746403,1,0.0198684214023053,54531,579595
"1235",NA,-1.54489952108844,-2.66318675352262,0.832879974463062,-0.109456721384979,-0.682110065869153,-2.01725620807305,318.15041459748,0,0.62836240160403,930934,567063
"1236",NA,1.03749659531492,-0.269744318309314,1.94273286084651,0.351435904100842,-0.0766526601522398,-0.469646918831698,878.408897129312,0,0.0889121116523849,767322,124504
"1237",NA,-0.636619281166508,-0.427798796659622,-0.845672626859098,0.152524231176194,1.23063899512432,-0.909909439025716,166.219265412722,0,1.18434072041785,28627,287465
"1238",NA,0.655676363035328,-0.290855162095488,0.505004559177851,1.83134728005127,-0.690400736306896,-1.03733041044705,-1018.61679733371,0,0.350471349712247,810947,707673
"1239",13.0081648019965,1.71270641045795,0.352602080684436,-0.632384601578908,-0.632894711357434,1.11141840044099,0.237086592706682,-783.583240486662,1,-1.3135108501605,561922,666245
"1240",68.7286124366464,0.556301410787732,2.03772348359438,1.4655569450516,1.10338714763162,2.86757871649299,0.718570803316093,1427.36930477632,2,-0.177548057323245,948361,198840
"1241",NA,1.59158057927161,-1.5988228465526,-0.644545132589922,1.10222545932246,0.544507891172923,0.853935785850645,1094.71642639363,0,-0.500422197756414,724151,470972
"1242",NA,1.36235944157039,-0.170591033586951,-1.19833367789747,-0.0322478934588991,0.299099162706077,0.123890811107125,-268.856305439666,0,-0.507663195835566,153092,807577
"1243",NA,0.688543276318572,0.71014029050349,-0.52601804042754,-0.316135872092824,0.884032448110775,-0.872186871042969,-939.378310795768,0,0.251663039983989,295024,566386
"1244",NA,-2.11708755730264,-0.617107218772644,-1.20932103479864,0.370829718835919,-0.605654621356718,-1.42987125075906,-137.613573010429,0,0.10435854276671,446112,33666
"1245",NA,-0.143368191702509,-1.41326807611422,-1.13268617165417,-0.208566212168599,-0.509873592444506,1.17319549650358,2775.15219874554,0,0.31413288591206,565817,928527
"1246",68.270188824068,-0.0960341516893197,0.432333592415151,1.49840074119043,1.81526467279551,0.645059575542993,3.2648649526594,1300.45876395781,2,1.76971076054125,271211,756583
"1247",5.9506233740454,-0.439537023440693,-0.916931152737771,1.02025640636373,-0.301555093091817,-0.388035799123451,-0.229066314951081,-876.407377385665,1,-0.177522588109435,148237,666025
"1248",83.8468590739407,2.66760015951697,3.04888376813644,2.05268192431681,1.39836910552238,-0.741268065511345,0.898441903937167,1479.7954317768,2,1.19385700642902,694702,170524
"1249",6.26231645872197,0.0990041130601639,0.745590992415936,-0.227517382876338,-1.4402092774249,-0.40417501400339,0.278497643278005,-427.528069337405,1,1.35325943198946,904968,726962
"1250",NA,-2.40499511301301,1.99042072633669,0.24664673716978,-1.07893852295482,1.02004558799239,-0.753468358315335,-1803.31175139689,0,-0.0244305587068108,32709,137778
"1251",NA,1.35626909388255,0.286135357570278,-0.438920872931911,-0.445980601763429,-0.426397536247319,-0.454117835956461,191.004925555013,0,2.5004657980578,386965,742090
"1252",NA,1.54908478659303,-0.677345358309998,-1.16648756166093,-0.931233102012815,-1.44039800327248,1.45652788848222,-1312.27612085292,0,-1.19928330524511,481126,111743
"1253",NA,-0.288742755322915,-0.591628228776962,0.545472257403854,-0.5262108816236,1.72316702294837,0.0744758595897112,-278.672974022,0,0.239353865272407,984445,887369
"1254",NA,-0.285579734289453,-0.146389909076854,0.726840313312978,-0.357880916826978,-1.78837691797648,-0.852478195072932,709.781852535423,0,0.654045066522923,89175,985437
"1255",NA,0.467120128931685,-0.795240099311801,-1.43819540147156,-0.35299645398632,-0.676107451143364,1.79468456320326,916.854718358378,0,-0.465906727369841,508464,227235
"1256",NA,-0.5562709085136,0.105387984605816,0.557680201132786,0.33112773116213,0.151237259310259,2.11381843762858,-1405.67660644745,0,0.188072580756639,840234,640063
"1257",NA,0.188783478501079,-0.849986365830442,1.50557122609406,1.05618679755146,-1.88652416382228,0.846169670449228,203.848995901426,0,1.83922873049731,879500,894643
"1258",NA,0.607356936108808,-0.33154080781719,1.96721162543379,0.282844124890328,0.420008770704209,-1.09525935904417,160.288920867239,0,0.0615772201338374,86486,901087
"1259",9.21840978496327,0.622028069206574,1.37194305894999,0.671078499402726,-0.124574473327471,0.350077280039015,0.465959543879473,297.063932646739,1,2.11296514770144,733156,800379
"1260",NA,1.37540493758669,-1.19165916708492,-0.776403928602972,0.911972726386381,-0.219211958074158,-0.609344473639229,1207.42029147994,0,0.0360071324870852,324728,840801
"1261",NA,0.700073719834695,1.61167531389688,-0.553763810165483,-0.323514334264953,-0.0345743191550458,-0.788911074914786,-1523.02226891615,0,0.397494639291595,137534,883652
"1262",NA,0.827637193485296,0.609958387215372,-0.0552974393444337,-0.242542831288895,0.666452750756111,1.07367205097775,158.669022528141,0,-0.0718892584768587,244841,125729
"1263",NA,0.788961815262318,-1.21194733972141,0.456907686431617,-1.14806864245688,-1.31033620845835,-2.8008518927835,-460.940808302184,0,1.88066967137859,65775,592712
"1264",87.208470125482,2.38690717473627,1.36053919278735,0.805855963811678,0.253513794906879,1.56396485616508,1.06139245417754,3562.91228763898,2,1.26136522173421,18139,986587
"1265",NA,-1.15505260451475,0.031382302487638,-0.486081657056011,-1.62045325714182,0.547211199529955,-0.684830410040351,5.93240542888072,0,2.02286722331789,39762,685596
"1266",NA,-0.188843449458034,-1.09153116837935,-0.287164475311713,-1.43690442308463,-0.722311479869361,0.00375425060500575,-918.087835727164,0,-0.607872231435135,540043,323602
"1267",NA,1.47191381297289,-0.947772058228436,0.139985790807061,-0.272921091844657,0.225810456173118,0.876854618976021,720.672559592897,0,-0.442224522945808,60236,588723
"1268",NA,-0.600283145133834,-0.53958871849886,-0.55643607240062,-1.17466464144653,-0.953781612135417,-0.202459296284524,915.805027503864,0,-0.125540182799049,739731,640817
"1269",NA,0.113479865222998,2.23007196378162,-0.643621676534691,-1.23773921791995,-0.26256888886344,-0.446467223207132,-382.268308322652,0,0.357633378163026,6054,209514
"1270",NA,-0.962720399598192,-1.67533230761448,1.36541339983529,1.28590208540358,0.635811636693074,0.240093309646086,1166.77214718644,0,-0.246367241456808,906131,678530
"1271",NA,-0.269533305560977,0.47145191776323,-0.572786595269534,0.883527787835647,1.24144481405248,0.182353162691677,182.082276658751,0,-0.0601476169996521,781698,395317
"1272",NA,0.449708296036223,-2.49145086667443,-1.13351543033077,1.15686112868106,-0.118729385424576,1.22202420029536,1427.42835754202,0,0.0938194100661673,888803,132476
"1273",12.5064495855647,-0.0665268346328993,-0.0134709802784013,-0.162473098120341,-2.18245635562242,-0.51773231271876,1.59971982140931,887.759588298913,1,-1.26211287109488,610228,16221
"1274",NA,1.69380669887711,0.0653934472763982,-1.46336941799196,1.14524351571463,-0.064312514958788,-2.7697892358157,-508.302674465918,0,-0.779336516206744,37591,787742
"1275",NA,-0.739711623704549,-0.163484393753243,0.888875219516852,0.555342777923061,1.38885699008813,-0.742891746728421,2040.16549405538,0,0.35547434459247,334347,433871
"1276",NA,-0.707386696134238,0.844252815252073,-1.9436232254359,-0.184091072009464,1.48441381436602,0.595025250027983,280.812203213351,0,-0.894015014490545,390425,174033
"1277",25.1602578844139,1.02071423691739,1.08759506177826,0.83159610427418,2.55235379476022,1.56925001307053,0.27351205885934,-177.912145740641,1,0.736409369799477,786709,387533
"1278",69.5685846068916,2.53494041923545,2.05891578215374,1.06218913714782,1.95454195866279,1.23699841247398,0.702858211068005,1769.11526827338,2,0.778774625896769,379282,519993
"1279",NA,-0.0528914309698392,1.53366666671414,-0.883871768015126,1.60931575489764,0.531478103501455,-0.81971674452991,-637.239773658944,0,-0.444303763168223,706459,142253
"1280",NA,-2.10283305875946,1.63076472228565,0.0521288382220454,0.119935708278415,0.0901207838152761,-0.335358324059975,206.902568066721,0,1.10290157486497,120726,524867
"1281",42.6496632704459,1.2551982452358,-0.522536455933486,0.697062740388384,0.792855426136651,1.26272425081228,2.1694807971392,1275.9905909235,2,1.88524684604525,62236,853979
"1282",NA,-1.32697870235087,1.63124289866351,0.459431935527096,-0.944460261041551,0.590058858174772,0.851327323226073,-575.451417410756,0,0.628511889899904,701703,836985
"1283",37.1337837020842,-0.0480665482705005,1.5919040696531,1.0588621182636,-0.782924811569094,2.02863369508067,0.872092705571793,528.316556923517,2,0.589197375035816,956083,569190
"1284",NA,2.37340647134242,-1.0533392417159,3.09959179068766,-0.611461817891523,-0.161047458838542,-2.82533967270563,268.218721154134,0,-0.115354838897472,422638,389868
"1285",NA,0.347105820317465,0.644918423570732,-0.154985712002735,0.81379783142233,0.261629664668289,-0.681524041998069,-695.901502635886,0,0.530259040655184,553628,209971
"1286",NA,1.97930114302933,1.44137662312754,-0.767956116739585,1.33433629439401,1.858572488381,1.42784665609882,502.18736987912,0,0.166333920665624,982819,701330
"1287",NA,1.98993345841906,0.538395838367079,0.613519193978584,1.98688504911181,0.455210841527567,1.0330698520718,-754.031845561625,0,0.749876855155126,229132,992704
"1288",NA,-1.00671256033917,0.780871756861664,0.353292720430116,0.667443727813474,1.81447538990649,0.879220699715152,-410.164297768336,0,-1.37067238910167,665827,684383
"1289",78.1461019840132,0.927210799776946,1.13012498253365,-0.886314823024057,2.48669111602895,1.94808048164962,2.23037993475576,1983.33777905756,2,-1.92285677400938,93342,668943
"1290",NA,-0.571489267383437,-0.578511565258395,0.0230631417223126,0.144612379165776,-0.888918325371495,-0.023088452564765,-1648.18794546796,0,2.21893041871917,864242,691293
"1291",10.3472528098178,-2.71901093866905,0.00779363039948328,-0.396915539371852,-0.555450535687921,0.276133998217112,0.703859716240178,-1320.41276349413,1,-1.6899175180875,745479,60264
"1292",10.948216579104,-0.443857916188387,1.66398426439054,-1.2201874167292,-0.863722146032071,0.327891000791732,-0.791710173034438,-1493.62460213599,1,0.170005806165363,312167,560274
"1293",4.57126107845863,-0.766649458167246,-0.267543135597697,-1.2783153714009,0.166683594982958,-0.025564755869464,0.291073745972399,-1041.22998742152,1,-0.568656167353172,678995,20982
"1294",NA,1.33623800091815,1.43976646119687,-0.0134975505285544,-1.52306086012918,-0.348165091156741,-0.599129529855567,-550.341160064042,0,1.18617165752539,419732,33721
"1295",NA,1.37814791676292,-0.578810231361999,-0.988301874183218,-0.817384033599453,1.30021007360323,-0.798703336872196,-1267.02833890945,0,0.722110886442471,956301,697976
"1296",59.5865635449946,-0.0866084311900379,0.94749477811333,0.943198748215098,1.01975094931382,2.94070801017039,1.80708426757071,1072.52357588107,2,0.0580248176715447,946754,65042
"1297",NA,0.332935445930059,-0.383184242582584,-1.1780964352949,0.135092820542785,-0.946573821797797,-1.1330820767066,-508.670888312213,0,-0.882357584797931,566828,693356
"1298",NA,-0.613328973528262,-0.17275494042057,1.38298149611789,-0.254062832600665,1.44029476003737,1.54765483205743,1666.37330212349,0,-2.12514711343952,210819,612996
"1299",NA,-1.00170769048027,-0.202034175299441,0.0573817563442733,0.117431367511121,-1.58243958044883,0.101068066012713,725.014636055224,0,0.562248451417689,629847,977632
"1300",NA,-1.05127246294192,-1.94086309869931,-0.0907219325806681,1.95926560721288,-1.42163517170303,0.149621657218268,-1949.29416546242,0,0.113238667616472,91018,707682
"1301",NA,-0.385349412791792,-0.610370081219721,-0.819397800603557,0.233361695419589,-0.67188715612329,-0.305900847951482,996.378873649332,0,-0.538949107482094,50762,964826
"1302",NA,-0.204399218499533,-0.011497810140412,1.53068427209876,0.150817018027898,-1.00940825738757,-1.53335401157876,-518.259859070423,0,-0.690797369027096,856960,601911
"1303",25.9228323106352,0.501189303995586,0.356666720476639,1.09075375149363,1.37320051288706,-0.22242785609584,1.18881029665802,600.581593779572,2,-0.911068602203489,288760,97964
"1304",51.0831189545065,1.61115527621638,2.23226381488385,1.39816837878695,0.0777641907174016,1.57711164266354,1.56636214788253,-721.668445134758,2,-0.208488649649036,414236,207436
"1305",NA,0.657056418674977,0.0709339086015277,0.0726241617485983,0.495348297783444,1.45570927860386,-0.310743824615912,-710.419976966315,0,-0.758953923592246,234950,748728
"1306",57.9032989333925,1.09349859623666,1.22085133939798,1.88921512752429,1.34544965583015,1.70623197146485,2.23103201308273,43.7240479658612,2,0.934823041550721,22895,106293
"1307",NA,-0.0414343678066832,-0.137166954509631,-0.187256759378022,0.415328119975923,-0.588734235757571,0.791722861784782,1346.79845712901,0,0.406221666731227,716636,353492
"1308",NA,-1.26818873161181,0.972523408766547,-0.717092533703448,-1.13882725730752,-0.642854243126786,0.0506723529127821,15.592855766162,0,0.115627132186475,115315,358957
"1309",NA,0.770414315124486,0.872466729640203,0.575633355548848,1.2131023427433,-0.0447998956812979,-2.20629711149168,778.031447688264,0,-0.837164632801592,808621,713746
"1310",NA,-0.952542806591689,-1.14387306075301,-0.715758385542777,0.0575070210774705,0.713931070851881,1.7392979927025,457.470203075434,0,0.931402598831623,103505,70066
"1311",NA,1.06447947805187,-0.115597001369485,-0.0646553641666045,0.171563807315866,-0.804179749984988,-1.05771184220073,-1469.59501497823,0,1.96310888613009,120839,842198
"1312",NA,0.849877218208403,3.07016200597657,0.317500360255878,0.288438655693795,-0.696661434814053,2.0918581004608,-1894.35768875096,0,0.240326862462132,604797,98615
"1313",NA,-0.358132759792246,-0.336242563467512,1.68653671258939,-0.0670692114091287,0.0656662166857352,-0.135878741667997,-96.0552402991464,0,0.481985585253161,865804,39599
"1314",29.278015222016,-0.0267259425135187,0.412396665951771,-0.542282848711276,1.55188062625238,1.39674218094512,-0.0172785945937366,1425.21148428421,2,0.804877047909166,915685,248767
"1315",13.7274429185053,-2.05866226938965,-0.230757936345983,0.992137468713315,-0.0941717134138239,0.936713241112974,1.67802179165201,-421.220494117476,1,0.446243565340413,311927,620996
"1316",NA,1.22529646332009,0.248481405712076,0.052897640604707,0.92486666180504,-1.57240918479405,-0.0481709028943504,-493.190878530428,0,0.775267257823289,514590,162240
"1317",NA,-1.28709009919942,-1.40774983969682,0.250514142584259,1.58291298292504,1.0169876447191,0.821750950148412,348.442272278535,0,-0.804215331789666,219852,33079
"1318",NA,1.34065762085733,-0.816580672403902,-0.758771630590068,0.071446781359754,-1.53500291300075,-0.0686522632200263,-84.5592616948171,0,0.711150370584575,204370,449691
"1319",NA,-2.18962055325024,-0.09600242451272,0.802799677831088,-0.820340213882763,0.251809848007675,-0.0599767198494893,-338.271434815433,0,-0.412291949474983,184088,460198
"1320",NA,-0.290647660661213,1.13732791739684,0.424354510557889,0.878995795921305,2.04905544324749,0.987175137805252,76.5117966299951,0,0.229527937119728,422217,469325
"1321",NA,-1.14311014674386,-2.02486520911198,-1.10930639105881,-1.01988556253336,0.766973676458892,0.188270907578395,230.784923273396,0,-0.433151929254251,555477,723830
"1322",NA,1.04249727315122,0.00564962158959522,1.06342020015625,0.669904152215446,1.13187683700578,-0.413031207365414,1391.60406623457,0,0.483611242320832,194848,661623
"1323",34.5046146177895,0.327293653784757,1.58844034391543,1.71388135357855,-0.0844887887105421,0.343731445062927,1.30769188022383,703.466980223159,2,1.05289374208921,241719,83558
"1324",NA,0.612944320296005,1.51236400287746,1.2283624464863,0.911498482784303,0.665966769842052,-0.405741041236444,-1562.71893981155,0,-1.3439526787669,855067,687238
"1325",NA,0.213846549479074,-0.388915379530658,-0.236869329220449,-1.25145932123724,0.624588230191858,0.737281741008272,1543.4660470837,0,-2.03170996779267,381998,60310
"1326",NA,-1.0390077641217,0.357483037343054,-0.182471359358406,0.366595022015655,0.596678140588538,2.9545254507648,-292.366204645109,0,1.13270824636492,771019,156829
"1327",14.0780440543945,0.568065993761346,0.999243305422008,1.73998139272811,1.53229327865813,0.650113346501252,-0.177480543668825,9.51793497962533,1,1.11725932383125,414629,155245
"1328",NA,-1.95859071978446,2.55483074674369,-0.831256483492124,-0.12479134370491,-0.732079327142899,-1.45951484758583,-1013.90905676289,0,-0.567998140126041,675971,255649
"1329",NA,-0.994363105502239,0.878780732236695,0.271100653983054,-0.171669046557356,-1.19187259844905,1.60448100704666,-1811.74689065581,0,-1.30749854111355,453520,317009
"1330",NA,0.163321341314505,1.07789241641563,-1.15810329569086,-0.488577474894506,-1.80413507488678,0.0125921452795245,373.686850249874,0,-0.0053895137145341,721216,952230
"1331",NA,0.373540491807111,-0.88195017817906,1.3461482275178,0.738118874844697,0.311656219323878,0.334343260551688,-775.690601484529,0,0.285063241615949,489890,86309
"1332",10.0409124623452,-0.216159875319324,-1.1915421976185,-1.39088536404273,0.154089736814609,1.52846809467034,0.308031362874249,-497.545459779092,1,1.58344306452644,320707,233778
"1333",23.2958424363377,1.57776643435818,1.41012697818104,-1.0989580150492,1.91181025400643,-0.613181622357067,1.54243724522101,1348.68326663323,1,-1.00828580007421,983608,749453
"1334",NA,-0.581675867438013,-0.239776951715102,-2.02972550921863,0.37442395211185,-0.625039677875364,0.740800464649888,-997.559766688659,0,0.925634942166494,616934,125879
"1335",NA,-0.104151225646155,-0.271502452563344,-0.738448150500921,-0.508117394151184,1.49201952892776,-0.81856329063806,-952.896815967482,0,0.35813311835591,981410,344406
"1336",NA,0.421873354667489,0.883787747668163,-0.143877313879101,0.841487731906035,-1.58120076180742,-0.529861559280743,967.32356400667,0,0.542020082288416,384442,124577
"1337",NA,0.792810786828576,0.730140176668153,-1.39062184485629,0.274251347620611,-0.607538935427348,0.561875275899394,-514.615483430483,0,-0.668445102502519,45625,67288
"1338",NA,0.957292377461484,0.183048176337743,-0.261900823044873,-0.299882855020368,-0.1328181143009,0.213628949248964,-2004.69869948227,0,1.47044369175093,848256,124519
"1339",47.1980056463926,0.195663612391083,1.8142462853806,1.19582509851478,1.28724837298234,2.10929284866608,0.18394033337045,1176.58413447488,2,0.350744955728471,540984,388983
"1340",NA,0.463473821340744,2.47044700651964,-0.261364868810781,-0.11426333813018,-1.18603557988451,-0.490885591388805,-180.809024634798,0,1.16136136013924,108416,289861
"1341",57.4954422415806,1.64216500081285,2.4508878995992,-0.116713309985423,1.53815192236389,1.08201595868913,1.48068612224867,613.180897424988,2,0.886302416698003,393294,192157
"1342",NA,-0.970139012010215,0.0749212417144666,1.29868470606437,0.387612332814567,0.552516268811344,-0.608798409182151,592.811180023068,0,1.61594605097809,136091,471323
"1343",11.2269859109293,-0.937367321621599,0.910000562340517,0.0654176640966608,-1.0731958584703,-1.86884903256883,-0.711924818782092,-2204.01576048302,1,0.0520568317873494,457204,90108
"1344",NA,-0.0842140064589972,-0.406473502490626,0.722635510357008,0.7667808550495,0.474368997616344,0.349521661136978,-791.184476526411,0,-1.1212979030863,887853,950215
"1345",NA,-0.0667052032709348,0.305490146949947,-0.732267050445689,1.39047845772316,2.53636189685965,-1.10171332594521,1512.66978814306,0,0.638225118534268,396495,819953
"1346",NA,-0.96289655927586,1.7513696313226,-0.760395323702871,0.106279371894996,-1.4746501504994,-0.0626496944730311,-2093.51801262509,0,0.890284655175847,260417,247435
"1347",17.3121884372094,0.993853739515152,-1.47604642056551,0.308672828394993,-0.458809312810255,0.56856473060155,1.98299383954952,1391.45499317269,1,-0.864266129858236,974620,518070
"1348",77.1653119811082,1.52297890268316,-0.217715434369848,0.212753396452708,3.40123884862363,1.92212117046399,1.77119428921716,806.914120464875,2,-0.469221651862625,313673,421084
"1349",41.96411414919,0.89073951311147,0.276257648963944,2.39965163288748,-0.448466040387709,0.842666576222899,0.907115709751457,1500.51135288404,2,-1.40253023390335,644368,91208
"1350",NA,2.39415747298805,-1.59483862361189,1.14344884205984,0.903575309722885,-0.112673030151204,-3.90675781375856,-2119.87834979774,0,0.775729564702016,831440,388727
"1351",14.8566703566238,-0.5116745278776,1.07149548689444,-0.118597563331676,1.96542045211728,-0.469953499514302,0.496812089489318,703.305717831886,1,-0.360792666360413,802809,360423
"1352",NA,0.654365714122037,-1.11894973060754,0.684512967364597,-0.35863107094685,-0.599007571880778,-0.611668529797074,-163.650982994713,0,-0.0779270241541848,705999,446996
"1353",NA,0.0925978404950693,1.70087822974455,0.888726350592877,0.500940588906474,-1.02856089762014,1.22071198444398,1495.15182607746,0,0.0616179919594025,246072,120959
"1354",NA,0.902244940576798,-0.722598643434929,-1.56466403176304,-2.09844121869606,0.997405569073101,0.287585936822708,1509.95600630488,0,2.43417123882843,68446,897550
"1355",NA,0.792421788257316,1.63977998431385,-0.831070455336134,-1.71679985835,-0.303971832018823,-0.297620817351435,604.211672103295,0,1.26176729241042,227414,651802
"1356",NA,1.57505313706227,0.115733442106714,0.562083831866238,0.139470207668345,-0.318049855965179,-0.473531477231406,192.748494359325,0,-0.708524695237334,48433,958661
"1357",NA,-1.55721641456234,-0.00859561345870359,-2.13035386467419,0.266875894286562,-1.22179281857962,-0.644844127444983,-522.11098517417,0,1.23448267417623,972043,933084
"1358",NA,0.39045586987084,-0.406150778032879,-1.51329928901689,-0.0727794509993057,-2.27176856293997,1.44995919305687,46.6751338067262,0,-0.379615163429828,183318,867303
"1359",NA,0.891491123751142,-0.210078164406293,-0.768917623022292,-0.276972191025557,-1.70016731784828,0.447516900324589,1113.09397029097,0,-0.358285835268993,267081,49072
"1360",11.1992668348497,-0.75826584735207,-1.09497437185366,1.1154795399162,1.4061143570394,-1.49744011375268,0.626460931488572,41.0318708285489,1,-0.263432912059965,404658,655773
"1361",NA,-0.120979278903681,-0.246803097439568,0.242189228424628,-0.0508983546520057,-0.269156086933374,-0.141998952348487,428.8138847987,0,-0.623984500852224,434383,931044
"1362",NA,2.24639749144131,1.17188438431544,-2.10683307546161,0.775673988608037,-1.63271548445592,0.370141466290146,1329.19629943895,0,-0.0960270152813976,1458,449329
"1363",13.2659671967786,0.434353543887751,-0.286971963539023,-0.265363136403736,0.417213562574878,-0.264581060926047,0.756818828289962,-364.051965506031,2,-0.494606575864589,698673,507246
"1364",NA,-0.12271285550911,-0.700994797448293,1.80970734343896,-0.419336013807765,-0.854389410355144,0.350251013938109,391.798666502389,0,-0.324601282611793,955054,904775
"1365",NA,0.793600591223999,0.900196036388264,-0.212319294291696,0.109667941247054,-0.26732605189798,0.72780836148683,-817.905725183951,0,-0.913833202415471,712702,339229
"1366",NA,-0.833834533482014,-0.168312257568385,-1.24229087517878,0.0390464442376488,0.600828074448692,-0.437529938827813,1682.49229225161,0,-0.880053961783915,575622,553443
"1367",12.0833840949386,-1.34974781092424,0.438899148898689,0.509888282541309,-1.02363972128353,-2.36814353488588,0.614934391827167,870.864324128317,1,-0.985337743831342,101167,218577
"1368",NA,-0.418558971232459,-1.14613439199414,2.0532004440853,0.0622995019035506,1.27413539745644,0.190433915948379,650.190982302495,0,-1.20245947902612,311858,413807
"1369",NA,0.114315348820559,0.818327439126302,-0.131733914595792,-0.059276266391777,0.803214604155428,-0.469882344102035,730.934464348593,0,-0.960212171266762,193543,926461
"1370",NA,0.530885367259119,0.160654243937711,0.0904607006333365,-0.346829223997245,-1.29897282759025,0.61289671048245,1140.34029321788,0,1.55555110608933,783265,102808
"1371",NA,-0.625650722784062,-0.507683400366405,0.0579377620039267,-0.77989192001575,1.5969816746464,-0.823103645105356,410.52817818719,0,0.710167528309425,858348,610690
"1372",NA,-0.175568585472767,0.810107378794789,-0.926895269178534,-2.19305254958838,1.12214548008387,-0.522943458095712,-1043.38506182012,0,-0.94370049936679,975879,317601
"1373",52.4233873184717,1.19648278836152,2.16499571765552,1.75736114818167,0.950944746365626,0.663806080011945,1.09749255596172,1357.34215515742,2,-0.395592187099382,502057,175464
"1374",NA,0.317791081244673,-2.28816522074126,-2.14119130693802,1.76131807671651,0.837064541410051,-0.165530105382046,-514.31291402441,0,-1.50970522144319,104776,244346
"1375",NA,0.397501838694685,-0.314896919186512,-2.26466074879502,-1.4430569436996,0.146089181322992,-0.902885041050232,68.3742758986454,0,-0.680320382256251,836487,845860
"1376",NA,0.0234126712056732,0.461969901613983,0.20816492927439,-1.90866003955617,-0.831789550709259,-1.10295372573989,-521.306120323615,0,-0.883237017477655,724625,39866
"1377",NA,0.796068465362824,-1.49470989928503,0.483120002279936,0.375092707145532,-0.418915000494818,0.234194154722667,2066.14133925537,0,1.20194228314522,947846,541173
"1378",92.5582062733578,0.0592616350984372,0.895400992365397,3.02360672562551,0.118784043559488,1.44853178975777,0.658231091186102,3604.73832821031,2,-0.336016569770971,144915,379290
"1379",NA,2.2934232665904,0.535705997915361,-2.18118853034306,-0.0401593199271058,2.67110153417159,0.899567743276281,22.6753782327695,0,-0.766554442549997,232947,851946
"1380",69.9701863495633,3.28749007709474,0.881838631618007,2.04743471740936,-0.265949968549285,0.226503909418976,1.11739022938659,1000.57189152013,2,-0.343373658914155,287724,36224
"1381",39.7449738819452,1.19812770146814,1.33353614699429,0.647735399936875,1.6042368415377,-0.0805283642204699,0.541065477620253,1662.48546518961,2,-0.188657936423249,85323,191644
"1382",NA,1.49941172820075,1.10236289305312,0.38275231438614,-1.06433159650569,0.0505797420019953,0.715039454196433,-363.006386704554,0,-0.332232122899118,299598,381786
"1383",NA,-0.679400400717233,-0.180846491263222,-0.425130165345947,0.958869262531903,0.503417514572706,0.576458762148717,1217.79947573241,0,-0.971532666018625,363630,991938
"1384",NA,0.541711769814471,0.597340223980235,-0.291354167008477,-0.879283183282999,-0.639073122598141,0.312867640936447,-574.070157487525,0,-0.155058428032834,463349,792079
"1385",NA,0.711420388785209,-0.594795772168326,0.65962522309627,-1.14388273582672,0.327474808084633,-1.4228105599489,69.1889563264845,0,-0.729814148446264,623561,494062
"1386",NA,-0.761937859110985,-0.113480335594125,1.11050360531202,-0.647333721337024,2.23801870303004,-1.47068856496681,423.169001116425,0,-0.206617841028777,529830,31069
"1387",11.5279396649568,0.384281014655977,0.340367853548073,0.76165990575281,-2.34437948542039,1.011966702633,-0.274167646401594,383.243980982215,1,-0.171597221027578,581926,906628
"1388",29.0419590627938,0.422424791979293,0.820052464241978,0.0870221722797906,0.656332463045038,1.36525671615054,0.695908777684361,1566.89121697008,2,-0.252709343477597,457283,41242
"1389",NA,1.16758649644045,0.254378978588266,-0.927200893118547,-0.504927240074117,1.06490453396516,0.233211970527137,-2120.14739084894,0,-0.695495499197746,479295,385548
"1390",NA,-0.169260080582497,-1.01216573226081,-0.319965298738455,-0.237063802148136,-0.560755064838698,-0.332679402319944,-1516.6132698071,0,-0.425874601261508,162893,933883
"1391",NA,1.55636165748065,0.165912396689665,0.972872445987405,1.27816807346523,-0.311077312435082,-1.01619733344622,-582.896302253176,0,-0.295421191753102,954696,418438
"1392",NA,-2.0782539458935,0.773868683686852,0.679784144720577,-0.971007333414902,0.679725783301561,0.111629221612188,-2224.39630256753,0,0.79666082516772,715668,671946
"1393",NA,-0.437246888650631,2.91898069675927,-0.228351567336303,-0.318432579532264,0.516828522206477,-0.565658382065948,-1269.52366294811,0,1.67630633796442,459102,388981
"1394",NA,0.484239964896195,0.294613190899194,-0.228310603995588,-1.95933581449931,0.489702887513828,-0.362263748273751,-1073.68842553622,0,-0.847935344574414,26181,150322
"1395",NA,-1.58808485820659,-0.978579957507647,0.424497537443626,-2.28786752042148,-0.344332712309302,-1.31176107290164,-30.6956624912979,0,0.657996116996923,807996,915119
"1396",40.4542367383269,-0.268708887565987,0.578204875402811,1.99783022766467,1.87503342836811,1.02853838856004,0.379724921047236,982.766521010862,2,-0.499469584219719,987854,550338
"1397",NA,0.0673309208723303,-0.297987877442999,-1.64752985869347,0.74993467574591,0.235201361790106,0.411229856450425,1769.76806971563,0,-0.815194665474613,713100,219711
"1398",45.1728473031358,2.15142366304289,0.182823529428361,0.17494481824841,1.13428801093709,1.29231075549159,1.64226701546379,915.395200376012,2,0.0514048177610745,363370,510258
"1399",NA,1.72694641398075,-0.228685585351387,-0.462513580221494,-0.391920084357535,0.83114719210433,1.89597681639156,983.446839801217,0,0.990068078221919,925620,935676
"1400",8.8918937148035,-1.12296101732047,-1.74863469320747,0.350660822600251,0.330301006833453,0.0180336253259996,-0.400462248671359,-1870.57174136002,1,-0.0774436624215277,898974,800810
"1401",NA,1.06390716631173,-0.187256337433996,0.745936278565064,-1.60792012358202,-0.73279760057572,-0.0259845828034053,2603.58342222222,0,1.83437188399214,763301,636762
"1402",NA,0.488048782440738,-0.0553047647582002,-0.736641792014366,-1.13399631825537,-0.782570440454822,-0.884742459728369,370.263067767165,0,-0.741875369516066,210475,902787
"1403",NA,-2.00926513637336,1.35520108587965,0.124800771052832,2.89834779348035,-0.259180630484138,1.09448026501462,788.145773971853,0,-0.329536898836155,201982,125804
"1404",NA,1.58866388755798,1.62943473680271,-0.931295866455807,0.481488970246326,2.32369002871828,-0.7888977247399,881.226980289659,0,-0.707397044477453,310626,113196
"1405",NA,-0.48886961045636,-0.343823549970099,1.54175551581247,-1.94394268400102,-0.954539047874262,-0.264920869042257,-825.031472981654,0,0.328983377002222,47264,26901
"1406",NA,0.415388198227832,-1.61098843001872,0.7686874190724,0.0912996998759718,-0.387518709652263,1.00538066296459,193.042559437385,0,-2.62984720774648,299335,201504
"1407",NA,0.511847136373427,0.266682728260126,0.501048428490952,0.701133744942928,1.33310779295246,-0.0576302116967938,-718.23025697184,0,0.386118447730878,106924,720433
"1408",14.979755702934,-0.0412683795330076,-1.55284316971096,-1.6466685977156,-0.733746545367757,-3.84191299884217,0.522776271801105,-130.050539205684,1,-0.183371518050906,358551,224128
"1409",NA,0.462140979003651,-1.78099016084041,-0.221270170570842,-0.71771929329068,-1.51847543063004,0.557367223258792,-726.921501016135,0,0.5950066888898,578992,873098
"1410",NA,0.575773315986154,-0.709605581194639,-0.889521986999885,-0.127348978416875,-0.031714523606946,0.140677625994178,683.856635571453,0,-0.638657162504174,248059,102956
"1411",NA,-0.405152885161419,-0.675876451423612,0.809512181683187,-1.82273350874464,1.28193499640744,-0.734137448259099,353.007326799426,0,0.0322715007651824,40849,728756
"1412",NA,-0.831216872888413,1.52521382640124,-1.06406388299837,-0.178505949540456,1.78402918857861,0.536842780367182,-300.576658229225,0,1.65247348007957,390975,960081
"1413",NA,2.314121697414,1.31903538845467,-0.871370280614319,2.30670233247892,-1.67484048022206,-0.0692662050847726,712.373913676339,0,0.417222558994377,267413,202880
"1414",11.3917383473946,0.207534045044989,1.41890129962649,-0.557379417133937,0.281411440044388,0.579381645462688,0.108643722666198,1432.60914393536,1,-0.168131264670291,802939,718921
"1415",NA,0.123420544822488,-0.808020249731118,-1.29182498791247,-0.721218664804479,1.99167605252337,-0.206206530539434,-1386.70451799161,0,-0.468603502216494,307731,875353
"1416",NA,0.340908294439669,0.392127974524609,-0.972731724442694,-0.333818666256343,-0.457975281470847,1.2355277135081,-1750.2795074562,0,0.90812335775813,824402,139092
"1417",NA,0.107548550906231,-0.453025751292408,0.596650810398552,-1.00472559119053,1.59625643122316,0.590305893001465,-237.277080663162,0,0.244633421180476,300662,894731
"1418",14.4969561996994,-0.882350902703433,0.309548252725506,1.98251426831023,1.40108792042105,0.777902196771784,-0.932491907650081,998.401806722888,1,-3.0067631489418,375322,315430
"1419",NA,-0.486043373268305,-0.0592567820861269,0.845349586566033,-0.292571187016322,-0.374092602311196,-0.207607612640878,-25.9787823011865,0,0.28426657989956,445507,926037
"1420",NA,0.604416247863474,0.539923840963438,0.380234168938315,1.05927972955557,2.0264736589269,0.937507495072975,-1572.56786908548,0,0.768186433198261,362933,998616
"1421",51.3392256729561,1.67794779612204,0.423311715989292,-0.43806308495151,2.83967202165936,-0.788150139014915,1.0438488430849,902.492084937279,2,-0.838899137699355,765248,212158
"1422",NA,-1.1855507315469,-0.18237153608014,0.625275377286939,-0.288056734599894,-0.968203825602012,-0.203300628338087,-1012.4598597974,0,1.2330643108963,495825,687823
"1423",NA,-0.10008884076876,0.217247443397131,0.663546971838002,-0.638329065604433,0.872697776248463,-0.495579387854308,325.493330801425,0,-0.825792086588519,747759,266895
"1424",NA,-2.0120905162403,-0.611063135620553,-0.0684319504268491,-1.37510292902322,-0.430155559895442,0.12901530134614,-954.51677434614,0,0.609966405023829,770925,503740
"1425",NA,0.476398673587198,0.253232627219377,0.381321816251949,0.574427448719748,0.107994356851466,-3.88833447060415,-82.5351191785301,0,-0.466398569385928,484699,484162
"1426",NA,-0.0989038686371664,-1.16472878016343,1.57383487439328,2.06254505055979,0.649894546327632,-0.0219720864036692,238.642480282401,0,2.86335076599782,476432,250702
"1427",NA,0.138314788445439,0.145383667926982,0.703968959800577,-1.5332286101986,1.94956579261285,-1.77091114187888,-1254.51856163984,0,1.01063139012041,272332,938868
"1428",NA,-0.628131407608353,1.10775974061833,-0.267952092488677,-0.448962675921442,-1.44418735097089,1.28588853650121,1099.46221259177,0,-0.944540610708778,265819,92936
"1429",NA,-0.0923583216238195,-1.64698745882089,-0.057769262461144,-0.892151363439067,-0.979122014332912,0.386971687206672,-476.316692146842,0,1.80300609955681,602411,339679
"1430",NA,-0.213261945479728,0.0457086036335772,1.12116673260507,-0.784351074964274,-0.97554592602639,-1.34871394590715,164.767108729994,0,-0.11938145058374,796265,620060
"1431",NA,1.05888475862447,0.0457357250759387,-0.500024889223781,0.920290849153581,-2.02361719059698,1.03146189793634,1048.33159444951,0,-0.593680454369855,431450,445932
"1432",NA,1.79768655290788,1.01260285578824,-1.25917610927686,1.84724163241592,-0.450198573250897,0.0134290934338561,285.249178861739,0,0.0185491212621026,556532,624208
"1433",NA,0.525606441930958,-2.00072609661106,0.583810573679381,0.422075805446576,0.69447382084716,-0.320674950811403,553.408594285217,0,0.505835629834173,201443,926047
"1434",NA,1.1324807902247,0.698133645785141,1.03479825710447,0.355144006881074,0.275941001945662,0.943001884545706,-541.81759926132,0,-0.436061371127191,192845,976649
"1435",NA,0.877998043773407,0.159957514061299,0.352929435859951,1.8744529287926,0.627694096548529,0.11161736892451,686.092898493484,0,-1.74731638623224,786711,102189
"1436",20.7972642998371,0.820310984446595,0.527783598635026,0.777985011518098,-0.759099647499595,0.116367364244787,1.20248611024576,684.023059858684,2,-1.05236805156344,275521,651974
"1437",NA,1.08054924108258,-0.668990061863317,-0.749621386613364,-0.975352250261678,0.546709368502907,-0.34164737143391,374.418532029232,0,0.0743116467965361,472642,264748
"1438",NA,0.243005279403352,0.700324543596387,-2.27143619411797,-0.153767057183066,-1.42621508880961,-0.883491242654659,1283.6078625275,0,0.702353851726766,561425,950901
"1439",NA,0.660298932342604,1.15639974837639,0.0652112398702539,-1.13058714701446,1.6244167710416,0.067622663656438,1082.35562585677,0,0.302371639860167,701386,141843
"1440",NA,0.606074166164933,-1.60108964665109,0.825014015613957,0.304420415481428,1.50577948055774,0.170946569259733,1101.02914945776,0,2.24484382538789,443545,932695
"1441",19.5999087975244,0.940554602834239,-0.261043990980283,-0.948130209111425,1.88228505736563,1.45434739528246,0.0485768962238506,1997.63293624418,1,-0.0491016716847382,490600,962126
"1442",NA,-1.19146164135129,-0.837451772532745,-0.21002124164615,-1.74590036191194,-0.189988951688624,-0.294387546236558,-515.538173837992,0,0.362800505000273,817452,283009
"1443",NA,-1.68981981427015,0.360585005515177,1.359085500585,1.54097491245642,1.07837880828629,0.0987063933207166,1026.91948921262,0,1.25830760697158,179081,816161
"1444",NA,1.49114823218884,0.639856778712495,-0.10781613552656,-0.0887640189396098,-0.625105076517183,0.407987505876198,-1854.63891290176,0,0.293869235256629,559083,948654
"1445",14.5146357167517,0.787096473483727,0.274400041476236,1.92400839650318,0.501731396385446,1.03129991086764,-1.3156777166569,-271.108258007977,1,0.895121591766412,369520,493743
"1446",NA,1.06166489185729,1.32925667495328,-0.175408723783728,1.08861548071284,0.141502081197764,1.15494165170501,-385.88427323943,0,0.502058242845971,170354,280185
"1447",NA,2.33670428339607,0.977196820175819,-0.778534005795291,0.926369252273001,-1.14157572378512,-0.177019687170447,-1284.51418165849,0,-1.56642198419234,309400,883982
"1448",4.86266917678232,-1.49422813698996,0.104234862190882,-0.620430699896826,-0.956736495131845,-0.0887737101587062,-1.0351816321128,-797.31335494946,1,-2.46827742695089,275937,749537
"1449",13.3811695972676,0.139424340239014,-1.31949350865712,0.110029490135141,-1.69216463728748,1.4700528491991,-0.471059236764471,724.046050638348,1,0.75530673397992,204820,725652
"1450",NA,1.03464488909552,-1.72973998404411,0.176932153256345,1.08818440546244,0.657506299188165,-0.345386076037072,1371.21787287234,0,-0.0566484951500078,327681,187142
"1451",NA,0.52995330140907,-3.37447755058364,0.400944215080807,-2.89541823036995,1.14038510337557,0.0285859675733375,2416.54584732632,0,-1.00148284292683,339786,592388
"1452",NA,-0.118665683936216,0.460825289309951,2.72672395160676,0.321520482283747,-0.474834436722916,-0.658784751749325,630.298749336186,0,2.32405105051234,847441,612714
"1453",4.2245457027606,-0.122210028369326,-0.468831785186945,-0.701202984213642,0.329601530065809,-0.708550649882736,-0.356417389326621,-111.191262595784,1,-0.113313885052258,657464,558612
"1454",12.1344622991695,-1.36159340324657,-0.702111054266856,1.03105360873446,0.63073635174138,1.64606194751355,0.132269250002267,-713.274534825488,1,-1.70164087374048,429126,357164
"1455",NA,-3.15149065136838,1.55805191122845,0.0941925028041243,-0.0522070579047601,-0.947152057826604,0.330154431639807,-1475.74940035529,0,-0.999141051635815,880695,44035
"1456",NA,-1.4248489700614,-0.90862739872269,-0.195429790745053,-2.46071855025453,1.86257552888428,0.0491053272793137,-237.978841662747,0,0.240232489039622,34691,955055
"1457",NA,-0.887591641463193,0.4149417271269,-1.26010572346967,1.28406692676082,0.267855931193131,0.426078719818303,-888.099250887351,0,1.68508908090288,241492,783482
"1458",NA,1.34133723461123,1.31275492967576,0.918883924019764,-2.23734389728351,-0.0820899073210313,0.143812859299233,-1274.66872841486,0,-0.196281411252898,282121,2086
"1459",17.9059858829766,-2.8467098276542,0.360566745641401,0.535206412259353,-2.97067585547605,0.857607189335206,-1.18762572197543,43.9499455727903,1,1.79846082777368,171620,696948
"1460",NA,-0.152256498425969,-0.333259117525955,1.37979552538426,0.997752878425575,0.512291771190029,-0.279472000016073,-96.1638215418526,0,0.618647479429821,377957,708435
"1461",NA,1.54670940191688,0.229797048572176,-0.968003355849906,-1.37825846204097,-0.67187863079877,0.631370431193431,-621.888510199995,0,-0.243498660962847,756564,422258
"1462",NA,1.26016508593578,-2.02985434019046,-0.568105330065563,-0.0345204285846456,0.116844239093946,0.639589799078147,474.389086674948,0,0.303125349076313,326359,950539
"1463",NA,0.47379575490598,-1.14095353952867,-0.692456752145142,0.254466751784287,0.0529855007375085,-0.191665406649955,1625.22726225103,0,0.438349997060174,728225,433843
"1464",NA,0.825311420231694,-0.361964228936187,2.41366798134829,-1.48270515356033,-0.470302064509175,-1.43800562511306,-595.614141010341,0,-0.405567130172699,858598,465476
"1465",46.1222947799685,1.49531521603275,0.971014298250409,0.522841909946032,-0.128037544809091,2.62836450219225,0.983273990510154,484.956408597981,2,-1.29873342934349,443567,45740
"1466",NA,1.80784105320913,-1.75736364144192,0.436769425206176,-0.172634020407998,-0.436453348590137,1.40641614769125,804.755485047618,0,-0.0193891413409113,483141,64093
"1467",NA,0.102377948845684,0.697326963181127,0.241958544085365,1.35381626621831,-0.639198157160974,0.209048378369819,1844.63749448504,0,-0.272689709982194,421050,461320
"1468",NA,0.243283310323919,1.30558966472038,-1.31029860117986,-1.12678303768729,0.249106889715306,0.624855531685527,-956.97895747697,0,0.425277507241274,744284,110456
"1469",NA,0.666886492871143,0.702257244067885,0.938134524905595,-0.373252138495006,0.899540472030146,1.37409191949963,-764.699789199835,0,-0.280090829202091,201133,999401
"1470",14.7754372655322,0.418028141707122,0.826035252324547,0.160647380939817,-1.19738215101388,1.30729474723024,1.7999261858827,-1068.36157418044,1,-1.16736173158712,712885,867989
"1471",53.3130311624548,2.13625921975817,2.39131874763154,1.14465941901081,-0.983059110054636,0.78081976250518,-0.128601788480819,1593.06070917011,2,-1.52688886939219,643816,797616
"1472",NA,2.64917288981993,1.36943993344594,-0.440077421690435,-0.524175587665644,0.134775451500699,0.578354411526556,201.279536751294,0,-1.17649137329151,801314,521264
"1473",NA,0.0327029004563981,0.0162411126959907,0.69932456305539,0.111410312210726,0.697406989270089,0.123992187848184,1119.51621374798,0,-0.527905946287701,591332,600228
"1474",NA,-0.807910537878098,-0.797340914715461,0.00201120906463601,-0.868619701695384,0.0172489207386652,0.857268603176386,82.0287347815737,0,-0.713948395812794,3506,837662
"1475",NA,0.664587509610218,-1.54816531796033,0.61241171762184,-0.225198915678403,-0.45640921593555,-0.314103512324309,-1143.25910437928,0,1.64144738683185,706221,641270
"1476",NA,1.20507463182028,0.133183044583749,-0.208592585482737,0.483956708572232,0.673696861495649,0.703817185060725,-279.168356185342,0,1.67086166814612,197594,540020
"1477",NA,0.447985113947908,1.03266326691328,-1.70333420050216,0.661052486690269,-1.41548499787831,-0.0472196228777443,-85.1058531392158,0,0.576255350286852,541612,822113
"1478",NA,-1.61944457628414,-1.60641968080488,1.61578105141048,0.411959223414847,1.12928287765142,0.825477451080858,914.396544620905,0,-1.56080919535667,335567,142632
"1479",34.4413105414177,0.655183951422987,-0.653889777780873,1.19737563757748,-0.301124431274182,1.19177181524083,1.9629780682238,871.839581345,2,-0.799583033218746,577618,367613
"1480",NA,-0.876460131117078,0.0417592330401293,-1.17463138822938,2.08933577233537,1.58559468043596,-0.707951493476415,-1568.62982686094,0,-0.218440422466391,53264,199558
"1481",NA,-0.749409807142358,0.0648032086083756,0.581102232440814,0.205552357723715,-1.07192459585648,-0.302246830568124,2236.87802529289,0,-0.332902975812922,55346,898655
"1482",NA,0.338918975979474,-0.859848796333757,1.08810085845556,-0.805742880700663,-1.05550852321433,0.379167516000026,-642.724304870275,0,0.691763721631289,506887,532911
"1483",NA,-0.101938682525533,-0.520531545980786,0.102058082198854,-0.868014565897206,-0.571341312024662,0.291851614313893,-2071.91409647884,0,0.826086516450576,640697,423998
"1484",NA,-0.279956898268888,0.397817387414918,-1.98199763320631,0.256609811018677,-2.00103515592737,-0.141769309588987,-359.662220609629,0,-2.3812799407421,131509,218671
"1485",NA,-0.153113763870259,-1.20764257297649,-1.51746494265135,-0.877604561444759,0.852835639211769,0.231564956532536,473.97861745017,0,0.681957496683666,87163,522083
"1486",NA,1.10766620416497,0.281333009047966,0.0796713436302246,1.12059213697971,-0.41004499857726,0.0151700763315229,-904.154768829289,0,1.3467366174799,832284,515336
"1487",NA,-0.42536288229433,0.557623939512859,-0.113250775725968,-0.331855068209918,0.418178520482972,-0.639776407756643,535.809158063814,0,-0.696418133483831,743441,823818
"1488",NA,-1.21647011761165,0.501819757899324,-1.06603842421728,-0.415638584817646,-0.301960527518664,-1.51750798372498,684.594006595605,0,0.0881571610046108,575818,507485
"1489",NA,-0.620879933694273,1.35764329208363,1.0615205509431,1.50038385710818,-0.288486982001501,1.96755131529561,-737.510278819045,0,0.0201308527326164,338429,185991
"1490",NA,0.429284637215874,-0.586502731554368,-2.8614518050727,-1.59921872506656,1.27218487834735,-0.212807697533485,-383.409021560737,0,-0.819995274177958,952729,462299
"1491",13.9463225466856,-0.0308905284342104,0.339606140675786,1.82963757770954,-0.0921797319508967,-0.614015285934333,-1.20493372781751,1364.21443693252,1,1.48156324636488,615344,527577
"1492",NA,-0.483839332781438,-0.601133561335673,0.789824399456358,-1.84443476710667,0.237914108699511,1.24613052840012,-774.419590189748,0,0.127540643535135,853944,271377
"1493",NA,0.605879707117259,1.49795434443137,0.0519890386917867,0.144440714212838,-0.396006684547536,0.938853356219231,8.87808904251843,0,-0.702544474238207,877284,708375
"1494",17.2112770935907,2.4125224931838,0.817420495632867,-2.30387980915797,-0.12628412670819,-0.160754653336375,0.237340024487124,-303.622390103992,1,1.33629662986228,583249,995008
"1495",6.01156951450522,-0.839082835453808,0.0206608702610184,-0.268650870372972,0.680413748736412,-0.190862413326258,-0.511868918278962,-382.602967135627,1,-0.7728370229905,789262,382556
"1496",54.3662553489538,0.944138086431249,0.607574658018538,0.859538741685205,1.77093870551522,0.200225148329213,0.754215524063561,2867.94370228267,2,1.22558695015326,656784,873976
"1497",NA,0.675040866379558,0.467667809736226,-0.730566469155699,0.775898636220051,-0.0563616105924161,-0.596226633572797,-234.457713896105,0,0.542488893501389,630199,721635
"1498",NA,0.63608784655661,-0.868934665572675,2.55366105422431,-1.08179853086527,0.19288977348187,1.98663379121031,417.798222297082,0,-0.141801160369137,862156,422764
"1499",NA,-1.02995535502844,0.749807456110707,-1.27611674590851,0.287490902811985,0.0502402338758584,1.55417816764635,357.808317846973,0,-0.00529889771301525,882378,508095
"1500",NA,-1.33607334255694,-0.27491359930721,0.523148374356264,-1.41489582109865,-1.13153192031663,0.762738079109547,1983.47819690016,0,0.652338391921067,889812,768742
"1501",NA,0.510053284809857,0.752488094415536,-0.920655735343914,0.577390319276411,0.425961694807322,-0.418282524045421,-504.222151439243,0,1.18554693228327,254409,643059
"1502",NA,-0.854727562196086,-0.388168111417314,0.259013083033385,0.919855029114472,-1.0016330769354,1.6040972173136,-784.365343512491,0,-0.966627160434972,838850,533438
"1503",NA,1.30853741335543,-0.0279175372656947,-1.15659277309409,0.730782537271061,-0.716666787296519,-0.259350931667417,-1553.34514660262,0,-0.342275361115371,17061,59517
"1504",108.273519629437,1.77474175142043,3.04512708179425,1.18488831288361,2.09733567164311,2.38895462408376,2.37199428991088,-493.364697322092,2,-0.825405998917321,13776,911735
"1505",NA,-1.27478334573888,0.0405056854943128,1.43982547745959,-1.39862749995854,-1.15052761210071,-1.77444476975343,-570.799444597406,0,0.165949565222832,128556,675653
"1506",NA,1.33425282332543,-0.942596471037188,-0.529769096349935,-1.99104898253142,0.24677555368495,-0.382111315192073,202.256300992094,0,-0.157578964645519,245300,91993
"1507",NA,-1.27600869577095,-0.235382731880765,0.477129678029566,-0.510554494431991,0.565510145078593,-0.287327919500133,-1373.79426279437,0,0.0488976186225889,491101,918834
"1508",NA,0.296184629847371,-0.309064492126827,1.98669781851132,0.879456640676848,-0.437994640178489,1.80253410422555,975.309393473382,0,0.682049489506705,105697,589338
"1509",77.6499765875508,0.292006941113497,0.907446951025127,0.94292943033414,3.52603055607499,2.49577638211225,0.444397140294321,862.752021872957,2,0.449182868884619,93090,499662
"1510",NA,0.864328614871937,-0.524791804318207,0.997036741971454,0.620088510852972,-1.1969162062293,0.457347942272721,-226.225002045821,0,-1.09571178567532,488026,669872
"1511",36.7364135097593,0.30853881836063,-0.025438369254819,0.317755704476091,2.00758868964479,1.9255669038743,0.559413439047855,469.279449652777,2,-1.42194373976505,7807,626082
"1512",50.328802094822,-0.164580256916253,1.60564054883792,0.277056351896334,1.53621017842599,1.17582389165105,2.28006909092718,1282.34824405444,2,-0.533060372469177,458886,350356
"1513",NA,0.672775618829747,0.39088110920453,-0.370839271638781,1.39395707495,0.699166813935846,-1.25510456364198,1173.44527204389,0,0.211895850571827,375988,480904
"1514",NA,-0.987087062467681,0.620125495828376,1.57674429447775,1.84765333973333,0.660471460669655,-1.67433619132514,-759.627377948265,0,0.301710903319794,709524,411428
"1515",NA,-0.640083566135512,-0.138447425200747,-0.191319653304418,0.807828276155949,1.15410805532665,-1.05157209184628,573.64362293676,0,-0.814123025476947,118238,17907
"1516",NA,0.720352470597787,0.456217036475797,-0.249328813973623,0.588021817238217,-0.173407306909731,-0.351250749975825,-857.688642462144,0,-0.413369593676184,77115,68996
"1517",NA,-0.120230110874969,0.494783137374702,-2.08221111029642,-1.70721626312291,0.449710331990122,1.7147239161218,911.123014066695,0,1.20180949023393,515338,420341
"1518",8.11528822401812,-0.127632677831119,-0.936243563478507,1.1713552284313,0.652771047686361,-0.458037410926687,-0.681274684035985,56.1091414845282,1,1.05439510887799,965793,203520
"1519",NA,-0.234630450311605,-0.96122489822284,-1.10879986660614,-1.19573596982873,0.506224066833017,0.768404427568774,-822.808164606684,0,0.833158842821355,955866,797955
"1520",NA,0.387660389792484,-0.582276494221809,0.827043341850231,0.68443010217462,-1.20495775938462,-0.0783676434770997,-730.844682412669,0,0.300849661650278,770811,104408
"1521",49.0327092149617,1.05677551512835,1.74974924627883,-0.830511191728796,1.76985755566793,0.954315113524068,1.53661633330959,1375.8817566186,2,-1.07322693883536,61316,380708
"1522",11.4912602760803,-1.40040342129538,-0.0225237470407673,-1.004749287865,1.69062819203422,-0.549078794853056,0.875895499523902,-269.777930105929,1,-0.685185580465622,507884,247371
"1523",NA,-0.793730584884364,0.555782200753156,1.6143907444567,-0.0439254759095627,-2.497407133146,-0.154943908216033,-727.732374707547,0,0.306614701074969,947272,638051
"1524",12.4064167478998,1.50532144242078,-1.02503995332317,1.0954631558117,-1.60614224697979,-0.584903885850053,-0.773228782177847,-1441.43097296515,1,0.474808417662019,453059,520349
"1525",NA,-0.0642896800274646,1.40969156170709,1.73706265428481,-0.366746017360997,0.800594767056409,-1.41051499915637,466.432954333329,0,-0.622873861642186,473077,515201
"1526",NA,0.551302022384716,0.98681823922874,-0.289588899974544,0.805493993330616,0.938167299024104,1.0187148041263,780.128387010508,0,-0.617066604650721,125112,874995
"1527",NA,1.30340962318322,-0.696372439487824,0.791603641390686,1.77548229840027,1.4885204761249,2.41887973102606,-1091.23347669337,0,0.41167131008629,321528,996137
"1528",10.884374371579,-1.68935811399947,1.17684982632546,-0.249655708184456,-1.17669793905502,1.1649307657666,-0.312973912216736,348.268306173241,1,0.878367796225488,908572,729338
"1529",69.7905752159482,0.554428761401554,1.18858712955832,1.02169565839373,2.16574136706574,0.729389567572731,2.35376900363651,2401.63114379091,2,-0.317951375216811,551000,24726
"1530",NA,0.14079297896787,0.103308342101795,0.5331798081463,-0.63814567394816,0.889529176665742,0.0950050552678174,-580.505431192738,0,-0.285693017659905,37765,734007
"1531",27.5272756602598,0.394882721303047,0.590273402541417,-0.166358701754973,-1.14602064827275,0.853044485576998,2.06249506978612,295.472451655129,2,-1.16247625458109,742272,823365
"1532",NA,0.257471024670622,0.689141941291449,1.91033389300229,-0.895775946892253,-1.1571867684041,-1.65544731811519,-1148.86806211315,0,-0.602484740079375,396458,105793
"1533",NA,-1.1471129384319,0.589046630466741,-0.00414402377008129,-1.36392622212063,0.736578612727385,-0.86427233169233,-2065.00696448608,0,0.387190808914502,558473,262554
"1534",NA,0.0860507458173607,-1.22446559829656,-0.26325049214661,0.0606855887119809,0.606870594369412,-3.39595687230545,568.11350835897,0,0.130406782763858,934939,922980
"1535",NA,-0.808871638274142,-0.935429564605482,0.0411940811589094,-0.0986462234660693,0.321483701972491,0.384320444562794,-793.757919410618,0,1.09173551459246,526472,501386
"1536",NA,-0.77886323077368,-0.562866712904467,-0.42646425887951,-1.14577684090409,0.0165727781854843,-0.197630053445985,-584.288654962376,0,-0.119700012702717,174882,444723
"1537",14.1199767675965,-0.704056700528453,1.84896276717443,0.615859659605748,0.922186613535941,0.496729525925945,0.133206091702127,454.72172214518,1,0.502579744119632,569965,55006
"1538",NA,-0.43643254903855,-0.151011709605454,0.548033703388704,-1.35004340517193,0.19344661553008,-0.466823268057663,-87.2963896563478,0,-0.324455816328662,124359,848505
"1539",NA,0.789348580630675,0.737296372785929,-0.560758386830096,-0.065378412505693,0.46114412006101,-1.7614038869199,316.287973539098,0,0.677001113478876,583577,363449
"1540",NA,-0.796864522630405,-1.16834764621777,-0.0358398862748144,-1.30002816764606,0.87010021586835,0.0196809409363117,377.842290634174,0,0.00484429789980345,183847,883782
"1541",41.8284636513455,0.767231803961644,0.542859454948004,0.795954906706342,0.291643192280722,0.780814760527756,2.29355896592925,1417.15211143288,2,0.337917003572141,25632,199652
"1542",45.6014853502648,1.13305210232474,1.68265924585579,-0.601129561290687,2.49421588273542,-0.804169928859362,0.22346298843555,1086.35559099225,2,-0.373012323601227,86060,511748
"1543",NA,0.938673314397043,-0.0973363852536172,-0.0441934112328866,0.112929260087581,-0.524844331862114,-0.706559718040071,978.392562010992,0,1.62885147751879,223338,170403
"1544",NA,0.208677021134622,-0.238472643043546,-2.0356720188997,0.116205115865214,-0.371598574118409,0.928474803707664,-2255.19011221011,0,-1.20612207407864,257447,333985
"1545",NA,-0.202545526079255,-0.320548599423084,0.263385896518407,0.938284388607847,-0.635993489914499,-1.28807996232225,-916.638302306426,0,0.769245405128214,534640,842186
"1546",NA,-0.025117465479212,1.20187820155354,0.0774073109616909,0.268240424196199,1.6346996438662,1.35562438051421,-341.397160844961,0,0.392188174604134,373888,618735
"1547",23.8435014809759,1.05827891719089,0.463012375349708,0.66108793342932,-0.651235380647607,1.00106072190068,-0.218945251242911,1357.85723127038,2,-0.784087878941675,620733,150695
"1548",NA,-0.513191405440002,0.051634135255362,-0.259692193039857,-0.959631394186227,-0.942638775851147,1.87914085523532,560.53380777336,0,0.4069378465497,162560,249669
"1549",NA,-0.229927373408418,0.464761758489058,0.688527574695253,0.460103913888327,0.187810073588899,1.80037888301779,-66.0036805055715,0,-2.86551475723833,27219,948534
"1550",NA,0.672347807388315,1.167653598569,-0.70785759306979,0.651168436935133,-0.2508701301846,-0.110854124417971,-460.44114556779,0,-0.387875427063567,595342,608026
"1551",NA,2.19438493057392,-0.506362531497648,1.59908737701922,-0.811073391167284,0.407082780928795,-0.501540866317028,-167.922502851078,0,1.70217692607238,89677,796391
"1552",NA,-1.34965609376697,0.639717709482024,-0.809622271857405,0.374465082530751,0.599761311760053,-0.653487521408764,-1046.04938753405,0,-0.0593625840685764,737307,50920
"1553",NA,0.728192862112696,0.092066999454189,0.778445855387455,0.493775552497366,-0.400823644891992,0.836535764025121,-256.585147508263,0,0.727935993911904,232052,859977
"1554",NA,1.98610637774647,0.842837771228216,0.0424251155346198,0.101442456787562,-0.985703537885215,0.970124804282522,217.656274564702,0,1.39920933600032,854501,774635
"1555",NA,0.543609530282068,0.868799726971673,0.154650004582875,0.602382939352511,0.699657768654883,-1.59656435891164,116.250290203523,0,-0.509310051128836,241707,199189
"1556",NA,0.573009603568376,-1.31278695520046,0.584480424315885,0.351883823142139,1.76079429790346,-2.71206866371816,-959.799550473462,0,-0.194774364047419,196398,707470
"1557",NA,-1.23192578465603,0.689031721244148,-0.00109471747438443,0.695383383261265,0.572554320147668,-0.494583880524893,-2019.82678650385,0,2.1846443077368,733285,318030
"1558",NA,-0.796264038321404,-1.82913993929478,1.10150658407946,-0.842850918770045,-0.246693052651038,-1.04449234427066,-2028.09127946636,0,-2.32024655006788,940076,454727
"1559",NA,1.24371763052665,-0.377601586701181,-0.547205512283589,1.80270927880195,0.465063116131494,0.0224206723518966,-875.448259392561,0,-0.439855509993119,816286,466675
"1560",NA,-1.58241484033875,-0.507144519280897,-0.635161183762605,-0.509749704677997,-0.806775814996651,0.641021156440526,-660.944767598935,0,0.934970007838435,610907,665835
"1561",NA,1.42273186873718,-0.558690272692429,-0.6722181813201,-0.117167989187362,-1.26267566411758,-0.207363765138815,416.721207235481,0,1.93136874565849,972887,825884
"1562",NA,0.0137034443653626,-1.15856310936533,1.10504823108063,-1.08861856152852,-1.39174464717974,1.19150686086334,-286.508586810221,0,0.991760964228754,226659,449185
"1563",NA,-0.747103603621039,-0.730187809985805,1.16593421291734,1.17095288519749,-0.698930344913214,0.8098353779238,-1764.52619519885,0,1.42983141439954,182926,971920
"1564",NA,-0.77340103863762,-1.21773677890706,0.18542730278593,1.134147925072,0.195962918661513,-0.650478622298431,91.8565401217353,0,-0.762293175969832,662815,541061
"1565",NA,-0.474731224429411,0.280572547432602,0.049600355099998,1.04062834338246,-0.491206919084982,1.21861479188426,-205.876102199043,0,0.544479620466815,306564,823119
"1566",NA,1.79039268226398,-0.385727374545199,-0.418778104542374,0.176683479198728,0.549380234965735,0.559954195175271,203.265135806237,0,-1.11094961424544,401413,786750
"1567",NA,0.92907198089329,-0.624580065890467,0.507339470504322,2.45082210191459,-1.42898223346458,-1.04560705387776,1176.10035635533,0,-1.52149050248202,390241,608149
"1568",NA,-1.85608863531528,0.809817625795143,0.926154748977924,0.0873656798234297,-1.31202310183362,0.8019076330066,426.556810163081,0,-0.0238089103328916,130917,521009
"1569",NA,-0.130289110009479,-0.824733612509584,-0.199046147831803,0.76441557313534,-1.23984402298831,-1.31051067160281,694.929665036468,0,0.32794811955572,894136,137554
"1570",14.8674629068577,1.54645562438733,-1.57981797850333,1.17471419770352,1.64897084706545,-0.526551335910992,-0.544784920826205,-480.758800864429,1,0.2559122892703,607303,33687
"1571",NA,-0.0311493426085563,-1.28407127421179,-0.666689126890825,-0.583225813394326,-0.607000021488336,0.540783976166837,-719.767330078924,0,-2.89725264228436,313636,623555
"1572",NA,-0.752775257438666,0.516808313472358,-0.948067171423552,-0.0236367007893965,-1.21651737899709,0.988316882013331,-617.877170391815,0,-0.021758651101542,429432,232319
"1573",NA,0.183197384250053,-0.278031412032524,2.25182410916754,-0.744419569517921,0.755118055578957,-0.356604993053384,-1443.33478834544,0,-2.30936782844613,347798,19408
"1574",NA,-0.278785014169097,1.1452004445751,-0.81139398529636,0.119805372710543,-1.03904029858872,-0.272102705868209,-346.636543902471,0,-1.03548071406563,31089,573805
"1575",15.4927057838803,0.673081592557372,-2.69606749773815,1.05574348727708,0.292195373733048,1.2410025045757,-0.746337837452237,-1712.72839762268,1,-0.303762320055774,92501,881252
"1576",NA,0.245619315974447,2.52389686776421,0.0453277390737792,1.69813658962766,0.439750336001452,0.641115797386594,-95.0076839772613,0,0.160799457361049,313622,203068
"1577",NA,-0.481957463687932,1.16085440001479,-0.12176688706042,-0.0339408720680985,0.431009845400021,0.413595566476607,-866.350604827047,0,2.00004037334729,501320,957084
"1578",13.3042200915962,1.20303804387451,0.205206656665931,1.40028516302347,-1.47174156134167,0.000859510332408141,0.461857067456666,671.12630758756,1,-0.808416324487118,233670,48196
"1579",63.2809337510372,1.2693930694619,1.2697845571139,3.18578745480581,0.372661929050172,1.3725861459116,0.175449406871573,1326.17615911499,2,-0.807025073901701,662705,842579
"1580",NA,-0.747087361330436,-1.50053444915463,0.63828735530985,-0.266318626604044,-0.0782776722199735,0.514175129060047,458.974978573949,0,0.545110981496138,161853,764365
"1581",66.4424938970509,-0.273446422030811,2.48155426693546,2.90066578946382,0.683504382674648,1.11645961873436,1.34741483683848,-325.332777812707,2,0.762699259638653,701502,670328
"1582",10.3801587342827,-1.02346768510062,1.25486327766772,0.580242416080787,-0.500154517962714,-0.368476316045993,1.25744021259648,-541.344769436154,1,1.48834304073526,200023,448593
"1583",NA,-0.0561651619213332,0.51716460537219,-1.14511993008254,-0.654859294971564,-1.6362749278218,-1.08176221302122,142.307245411772,0,0.148112618915679,145712,759537
"1584",47.844022432742,-0.894772082840957,1.48814997812269,3.13706096144094,0.23436762138236,0.364793354958707,-0.78384522823635,-130.906421565776,2,0.561174295492379,561754,984083
"1585",NA,-2.06433502873368,-0.695610876148795,0.171126399140881,-2.58337853611616,-0.970906331451128,-0.488744420616447,1741.60581164545,0,0.0968019670479798,952040,581898
"1586",NA,0.265964372366121,-0.669219744687967,-0.479478776942178,0.408922122637922,1.25962494295692,-1.41833433053613,579.405016290228,0,-0.0126406119364784,545290,751188
"1587",NA,0.374983375299686,-2.18754176300877,0.667608139602067,-1.30301563271507,0.521457816997325,0.0214299946290543,-235.357327411099,0,1.20834796901853,203139,178153
"1588",NA,0.837498753511207,-0.664738210830733,-1.50278707325157,-0.507864006001676,-2.25909064436658,-0.891571968194078,-1690.43567108339,0,-0.679589718779921,621527,486863
"1589",NA,-1.77014499431435,0.313371806895325,1.02367343910478,-1.21743958919891,-0.957596853891549,-0.282940174488052,51.6055235929929,0,2.83643044287885,817337,120798
"1590",NA,-0.982147019453329,-0.933019243294765,1.25481122684912,1.98267040513894,-1.10328121814658,1.21610664195096,-1833.56860075177,0,-0.772629913206569,135930,67935
"1591",NA,-0.950532128876498,-0.888167384764228,-1.50094223688045,-0.00923160936216398,-0.0832925981960454,-0.809060384764502,-1091.24107868504,0,-1.84014703153627,510873,58210
"1592",NA,-0.163349940054228,1.3218197921939,-1.23167092876002,-1.47904075725859,0.0527273202108115,1.33473497454839,-877.8597104029,0,0.187695038706122,19000,974400
"1593",NA,-0.860356720396901,0.879819794593506,0.765857589017071,1.26887289996652,0.483729632947902,0.849125708798572,-685.544667133544,0,-0.033861392213872,36820,601124
"1594",NA,-0.131741892996382,-2.10355873150008,0.0573783889326276,-1.18091847234549,1.46552273705841,0.959558704677703,1651.71090045035,0,0.362360115808884,232985,982175
"1595",NA,0.939014977180675,0.772652290557386,0.810462020736611,-1.00293992969752,0.652389622535796,0.251743113638823,-2160.66273960802,0,-1.96839669274756,369996,676720
"1596",NA,1.6883876638239,0.568170130779064,-0.187821825679037,-0.386514649020875,-0.06294177239736,0.317177577566963,1268.25589153363,0,-1.17712398260734,614813,132688
"1597",12.4918685471658,-1.04527870248065,2.09422729574025,-0.0830929752388979,-0.420393070004961,0.670887057008084,0.195710428836831,152.162505314174,1,1.18569008022381,632006,112602
"1598",74.187761512912,2.39258131460229,0.968874325479843,1.36586414290685,0.207922560994869,0.412963981822288,3.40805419543605,26.2203281674523,2,0.485336503138941,235738,812280
"1599",NA,-0.597321500625024,0.660046479039998,0.769029505857883,1.04526019705155,1.43226317916348,-0.697417650282768,-844.501173851518,0,1.82431985684571,269326,205724
"1600",NA,-1.44933208341941,-1.2131063611803,-0.153985635686896,0.19248660149702,-0.244625781994427,1.10410733210953,405.276591157695,0,1.93567153476477,349721,40633
"1601",45.8955396939331,0.0877830289619369,1.11530672225224,2.00925112194129,1.86842586640037,0.670156519245381,0.33980942774667,1637.61921714596,2,-0.625871501471549,60168,288904
"1602",NA,-1.08618323198586,-1.39909627101257,0.186441282856037,0.826468851034754,-0.345334468777818,-1.26426250865231,-338.790789472898,0,-0.42712154314271,706168,220843
"1603",NA,0.447679700766038,-0.442253850407355,0.888618499319708,-0.242307892484593,-1.19300052784513,1.25156962271361,-1268.20687062454,0,0.934936231759407,884489,808981
"1604",NA,-0.733973787057528,0.511491634967,1.17603148914487,-1.90261136994069,-0.330721116969388,1.36969209645345,-1075.79367444421,0,1.21681197284756,183482,858647
"1605",NA,0.204185445649664,0.342175768411243,0.470690095845774,-0.188196841100602,-0.0321251760085954,0.904354111678362,-145.452097030075,0,-0.473650466064737,40860,410307
"1606",8.42899547510356,0.592095275695285,0.36679938839328,-1.23704657244735,-1.25625852117988,0.782557295743605,0.104642951432895,-566.097187134084,1,0.836795234046288,262819,89417
"1607",9.96435649338071,-0.335776497866302,0.758920967250908,0.836022793608852,-1.1097351283222,0.176857419181664,1.36098580328206,-306.690936936361,1,0.326456858884976,587861,853139
"1608",NA,0.72487961539913,0.746289493700353,-0.120274951567398,-0.353176057607898,-0.571760301825849,0.730955564506094,755.133228436903,0,-0.861718915573702,252812,825964
"1609",NA,-0.434068117696662,0.28635899811959,0.752854312612032,1.38208923313163,-1.90837971605689,0.451591537798771,16.7995134119856,0,0.256281866072256,748668,343517
"1610",NA,0.427065879716017,-1.80609948209141,1.8947011008713,1.63248037521947,0.585642897360197,-0.293892656292839,-467.565500899922,0,-0.365967869786195,799398,362469
"1611",NA,1.94222951180636,-0.709791116038607,0.468842832831189,0.550079830713175,0.108904497676712,0.232318387742761,-533.604969507589,0,-0.658245692228277,834942,192176
"1612",NA,-0.941513900455285,1.15030495657204,0.521512228138178,0.579274390858833,0.44311088853803,-1.13286949558419,1871.21413794006,0,-2.07038271621069,406375,976384
"1613",NA,0.616064715521521,0.025254803931005,-2.59257832842618,-1.13832166717983,1.20933775765019,1.19485064015062,-473.17691814683,0,-1.41452503910278,967737,519922
"1614",NA,-0.548262594432101,-2.69024835983781,-1.3435983807347,-0.0800626569672844,-1.25559852027345,1.55107551349426,181.382235835086,0,0.553461051650468,455786,207114
"1615",NA,1.9458913714704,0.507606718375302,-0.270497227671214,-0.143327306721444,-0.428443594207381,-1.48363284176355,747.490133956011,0,-0.76905713967226,9383,55900
"1616",NA,-1.7450110459733,0.20957178710067,0.0968860777199522,-0.330552432772217,-0.254166573783378,0.618359934113993,1115.45849441464,0,-0.540290777449215,58093,784582
"1617",84.9094929572564,0.966410259678549,0.138048839098142,0.593394758628433,3.55921239367829,0.730704589411433,0.463238422773615,2713.92167234015,2,-1.0893153836145,220135,774970
"1618",10.731451589457,-1.95095980044341,1.40047626846664,0.43301606926684,0.553197661505852,0.322337635240604,-0.730909737465771,-717.637813934059,1,-0.221580070948086,93880,159069
"1619",NA,-0.353213970354233,-0.870722922629504,0.735978583505067,0.985406291150072,1.46664523161613,0.216815026258298,-752.38215568961,0,0.242070678277561,588288,887462
"1620",NA,-0.435848657789211,-0.00112744436732717,1.04945243839874,-0.325539089386961,1.79329929791629,-0.165415812830309,-1184.33546099898,0,-0.266573117230759,538623,925812
"1621",NA,-0.253647282820308,-1.13852294390861,1.20667837228007,0.127406108480994,0.488855265700657,-0.43903516268482,-92.1094872100803,0,0.752186285329596,856624,122400
"1622",NA,0.0244996406734453,0.349186548464208,-0.20310576341683,0.5871627167364,-0.842107058271392,2.23227557110186,929.950144043737,0,2.02403645181997,114173,628768
"1623",NA,-1.53514062605649,0.920524452416683,-0.91857002912874,-1.60951759392582,0.0122305644222216,1.00250046750769,-1054.91028052165,0,-1.17217779644326,321889,854905
"1624",8.31736204378516,0.927828560707005,-0.947423357541523,0.444905424628041,0.442875923198943,-0.484677100078291,-0.0184762281651973,598.946963202558,1,-0.631179213572667,584486,362860
"1625",NA,-0.442845807343289,0.338312298893447,0.585764261234372,-0.699766698587404,-2.42220416467663,0.167633595924468,765.831410049833,0,-0.86957036546503,684513,979873
"1626",NA,-0.0447715516107214,0.88924018930634,-1.63355724878236,0.906544462099815,-0.836029088509769,-0.0219217999733476,1215.64671142832,0,0.294366953887025,935636,885833
"1627",NA,-0.125109497169113,0.436361648561405,0.443467934896962,0.113735654723675,0.757106734627653,0.290685513074671,242.817167766909,0,-0.263358712525621,682414,712507
"1628",NA,1.05482684683836,-0.262762981681692,-1.32874064594528,0.664089405422821,-0.365322718604471,1.81860890371474,-656.763380081022,0,-1.01635295498088,686991,973460
"1629",NA,0.0640731904757137,1.15445241487789,-0.473717441002977,-0.463007208078962,-1.32097788909598,-0.0746450183530369,234.651951950249,0,-0.554504533479333,846505,358932
"1630",NA,-0.774837478249799,0.00209256214946013,0.239793135283719,-0.392921698926769,-1.14166815079125,-0.488381071551873,-305.619733749104,0,0.24852232780144,453634,349285
"1631",NA,-0.743213351433038,-0.486145454246872,0.511003158277448,-0.897537084557692,-0.512576628720849,1.74792837333548,2147.10330373577,0,1.31020568623759,898434,832921
"1632",NA,-0.346034512013306,0.147112598020834,1.74296310547305,0.477658113397767,-0.439671338908137,-1.44933140344493,790.929411349086,0,0.508309700747596,925172,376676
"1633",NA,1.1636549137294,0.743783280758592,-0.910348379283781,1.26974929436934,0.781789519740435,0.502950135715875,539.961110539229,0,0.932195101785069,347432,118665
"1634",NA,-0.200383091071356,1.67877430035597,0.479787413496586,-1.41790079136241,1.5766585459876,-0.519677682257307,-157.781382248017,0,-1.58442254988136,151946,96992
"1635",NA,-0.482030711990015,1.3903155572375,0.440743795488918,0.162101885400679,1.90762442776524,-1.39421555951983,-1379.23423673401,0,-1.97339965516636,125524,151024
"1636",NA,0.196924711334024,-0.0727182145589882,-0.038457228973287,0.126246741045854,0.387480517118286,-0.939899534234727,-95.6342070221389,0,-1.05614541921025,832139,715833
"1637",NA,2.18061959052378,0.384311009900738,-0.233901316203033,1.35477589013859,0.478820729490536,1.93253686355456,406.034284605771,0,-0.12073915637147,219399,346274
"1638",NA,-0.518920890687685,-0.481357364290871,-0.499816635411147,-0.441872685910566,-1.71042162545177,0.0762476529415854,-565.840822130125,0,0.779737186322802,379437,581878
"1639",NA,0.0529239329938741,0.635337939207335,-0.843859968638217,0.274902037183113,-0.0986430336344579,0.974994745518381,-99.8703091386648,0,-0.95184802710305,761575,693113
"1640",NA,0.281913654300696,-0.639541092487523,-1.9705618151358,0.885980926948809,-0.424715275396016,-0.618029058154855,-968.233881239482,0,-0.167663974664653,997377,363127
"1641",NA,0.64167079649702,-0.378079236529996,1.27505293475319,1.23172793196444,-1.48071388987141,0.0562147413505814,-140.604467293969,0,-0.612234351997635,658707,138732
"1642",NA,-1.1089117374117,2.31408655097141,-0.256014033063245,0.755306487339814,-0.122753942061589,-0.0593970744321346,1458.57143811592,0,0.25813666982021,588812,732574
"1643",97.6657851676924,2.34226502868349,2.5066286630253,0.0232667363059929,1.36085810563239,1.27354959223118,1.69022771951474,3111.99968811132,2,-0.817836412170751,160087,876131
"1644",NA,1.46139953484985,0.8161787447519,1.54281544440317,-0.0425222374220712,-0.213708844253847,-0.245732065245729,1347.46643619399,0,-0.512903609322584,126990,261804
"1645",13.8507759972623,-1.55721494269588,-0.269298775336328,0.296936517611168,1.24855251785935,-0.0780066366721259,1.45657776881119,1217.1523618016,1,-0.497626175974016,909110,350751
"1646",NA,-0.0915627796840758,0.280321599611667,-0.20720584689837,-0.923212800945894,-1.08182456832112,-1.09836163768004,-1592.1208100649,0,-0.586733217808498,973141,914142
"1647",103.42814528037,0.548014214400308,3.38803578357562,0.986128279159017,1.90002492071575,2.1750586095928,0.626769799672162,2877.8281237614,2,-0.17171969421765,447223,928273
"1648",NA,-1.30661973953887,-1.42257215472314,-0.209803041069782,-0.1524852610739,-0.521676549834205,0.194123657690368,-1115.75573345398,0,-1.02160447926083,784374,283981
"1649",NA,-0.836166419188565,0.945958456836192,-0.0790665075427319,-0.0118516724377819,-0.260275171232254,-1.50535922387248,337.470655321065,0,-1.46359202247998,896787,260285
"1650",NA,0.665751486660214,1.07299238706228,-0.277337705221321,-1.5202181830909,0.4687596858623,1.42063690243761,-898.833981569437,0,0.756454933213835,333480,851407
"1651",NA,-0.412190976250848,-0.109689537287011,0.900493383754374,1.95184631935333,-1.59207111836008,-1.20487669400273,-1632.44855112885,0,1.03316322594193,227866,958459
"1652",NA,-0.335850928382071,2.44891041703954,-0.0345260556787287,1.42918575203806,-0.873428155277616,0.49057957757867,1571.13808207839,0,0.185961340223015,77476,608210
"1653",NA,-0.746450564703077,-0.485306857952658,-0.108627269412082,-0.17494150830672,-0.507674136868984,0.839828079720453,620.909786922451,0,-0.805998797749373,313720,814088
"1654",NA,-0.709456942808798,-0.153978666739891,-0.718017130182603,2.18335557809013,-0.355229955697184,1.95739481023866,-116.859282577649,0,-0.219093854436698,237776,605908
"1655",NA,0.678387201622575,-2.40033151792121,-0.553906250158432,-0.365355609938517,1.93220443647232,0.976908006530867,137.210176945616,0,0.385607885431209,204223,926868
"1656",8.667257790196,0.49150952180484,0.487865263028826,-1.13088508048118,-0.65679782764527,0.160899573790197,0.953675189886869,905.237933938175,1,2.32744685231405,848676,150763
"1657",NA,-2.23443882774599,-1.33476098821288,-0.915411531751161,-1.33070221183822,0.121744071018961,2.08744608918772,1809.57621064239,0,-1.30844533016697,173529,94607
"1658",12.9891399187239,-1.11941793253638,-1.63761701829179,-1.38029239325839,-0.646215523029107,0.295069640783569,1.46372772663515,363.182936934771,1,-1.90400874764521,917518,827347
"1659",8.27934067281844,0.210868985176935,0.505164410186695,1.29437696282328,-0.954464030324651,-0.299081638799434,-0.15785026920936,-280.716987416838,1,0.39465979223014,130514,396244
"1660",NA,-2.53327630810848,-0.765428237750252,0.418300497754713,0.899017537136622,1.03062396670673,1.44464980833402,633.968096646598,0,1.2089003744793,40049,323353
"1661",NA,-1.27637799943912,-2.66508559132573,0.798204563477979,-0.131927232054962,-1.25126347701969,0.131463789872828,1350.78216768803,0,0.114453168801225,379494,240668
"1662",NA,-0.165767807558528,0.0927836500941336,-1.3211039174527,2.06494081592499,-0.394886876108337,-1.42511638775475,36.6880332865322,0,0.602932138087546,936128,894090
"1663",NA,1.15283942316927,-0.232456904403253,2.27159830616989,0.503975182501167,-1.46802522710427,-1.88044692799399,20.0051371256855,0,0.400824426975369,113467,568377
"1664",NA,-0.409225325671166,0.616962547070279,2.32292311468499,1.18612779936867,1.00056320663788,-0.221121340973445,1632.68369460317,0,-0.98746399521774,36342,952948
"1665",NA,0.0681844908497538,0.873126116611163,0.598952265206586,-0.316312533689048,2.12468217508833,-2.28244328539878,-504.568985909005,0,0.633823781058908,429965,953169
"1666",NA,1.20015908165918,-0.509408991241352,0.272987400146986,0.761361167316236,1.93771067854555,-1.50964549930137,463.64701888953,0,0.0219037897751722,575876,767232
"1667",7.752385789538,-1.23962598859383,-1.53832731220807,0.0958447261855653,-0.110079441280823,-0.702050266008789,-0.756410507846732,-925.114962272357,1,-1.10582590890527,540896,874273
"1668",NA,-0.125071185149672,-0.730443702304744,-0.487001171124833,-0.560392281791076,0.631570409803592,-1.48969428301942,1578.94837193091,0,0.890996392909076,275635,45002
"1669",NA,-1.53041567493882,0.919659472906691,-0.175986793472651,-0.0386949698300259,-1.27942893463825,-0.106694795948208,-200.873762209621,0,-0.523412480678727,653159,196033
"1670",17.3946087150394,1.29924731362793,1.03986662189866,-0.725772622669868,0.598857283076634,0.723571362567125,1.84621056050501,-2068.38565051902,1,-0.937195310648295,671658,947129
"1671",NA,-0.241705867304328,-0.0677774481107995,0.717060939812927,-1.685302343177,0.220736301775752,-1.4686610390168,-229.749665277511,0,0.668228565507859,883501,671409
"1672",NA,1.2884538769594,0.162485884740715,0.432550383736377,-1.6151511605543,0.348254033946708,2.19949043832745,383.646321326818,0,-1.39698675153647,766454,174579
"1673",9.24345540852758,1.1079457453682,-0.83922298877628,-0.68504333808513,-0.208321017342609,0.856163285671692,1.01868102101792,-648.555628607619,1,0.61876855561049,823718,296451
"1674",NA,-1.35166657346727,-0.213461372420313,1.26517575518814,-0.821557744648951,-1.61849147354671,1.87944393580457,805.314239381182,0,1.62452067801314,522874,868358
"1675",77.0850322706226,2.17184089588352,1.94539596724763,2.34582917031233,1.49499713841245,1.1163936687038,1.36688076915024,930.122298365354,2,0.565371326404051,53034,147009
"1676",NA,0.0149893247252667,0.859806958320515,0.307036352504559,0.0885936995496561,1.51637102070088,0.142108441362391,-96.3080549895255,0,1.98370431096456,15858,242874
"1677",NA,-0.916203071507254,3.60474288062275,-0.434234506899249,0.337432421997858,-0.0396696648914586,1.35419793365418,960.973312596898,0,2.35618464333828,627036,166427
"1678",NA,0.747618645198,0.000215416435281961,-0.563810947185577,-0.040554166477362,-2.04816010885741,-0.951673585803182,1924.35394758301,0,0.259291414347649,251603,534450
"1679",NA,-0.504750227361291,1.99190748904,1.19089716091714,-0.515358849090124,-1.59378114590392,0.862330156554791,-679.665190561538,0,0.808787261303071,664098,470423
"1680",NA,1.00565742675532,-0.843502197403364,1.33672364180661,-0.0453647568964153,-0.300757756366721,-0.97807969420116,-1776.2542824487,0,0.232076903297377,936195,285894
"1681",NA,-0.135609117924561,0.618386561386441,-0.322676186448247,-1.05821312436039,-0.631309903079464,-0.433333186868258,584.046912013341,0,-0.544294013590347,531196,67239
"1682",NA,-0.698311844063301,1.46698203046457,-2.3601378247747,1.31537113931669,-0.120621144280865,0.200762339524204,943.022813312733,0,-2.12987785267906,775300,296581
"1683",NA,0.973783232186483,2.0160279927744,-1.27560981383537,0.129013164652897,0.28347649507732,-0.297468405612117,-1319.98131999715,0,0.489504914719556,812752,429266
"1684",NA,-0.0604721372812039,0.227290011958784,1.09339232484298,1.31154087245669,-1.08505691190493,-0.648420330219789,265.517888677913,0,0.46829038633261,489551,119581
"1685",NA,0.718443893693694,-0.835060095935914,0.0823746108404875,-0.422939546605663,1.82866262721511,-0.915792542114921,-969.992869724418,0,-0.0502079608701018,503336,472732
"1686",NA,0.211270273791598,2.34730895106341,-2.07363475415883,1.06683251688165,-1.99608191798441,-0.771969906109439,-548.231353757033,0,1.28495465911143,378310,928452
"1687",NA,-0.584937692894495,-1.242376591529,-0.0628474462045404,0.810633161267648,-1.98310829312976,-0.638146348832429,-1431.4185747536,0,-0.217077485041492,503074,426505
"1688",14.4702114116928,-1.07841279079965,0.472996483091785,-2.15009334192677,-0.280213148765717,1.99277076401151,-1.22189413377791,-68.7958352998731,1,0.378358390730292,24685,471743
"1689",NA,-0.802830333129569,-0.513032724428767,-0.0928131657316136,-0.57598974238047,0.928759608206268,0.567760198831794,-1830.0995096404,0,1.50754897342502,245757,309112
"1690",NA,-0.642507352434173,0.503891715746683,-0.607119825501619,1.05077059289502,1.62423826666362,1.29128656676419,1094.49170406723,0,-0.567400485669295,535952,359423
"1691",NA,-0.273555000630994,0.482690044392422,0.393687591886162,0.489399110936592,1.41303492626597,0.396360961084361,-883.128937235339,0,1.37305453050207,588131,1034
"1692",NA,-1.41710692331803,-1.69291902697766,1.32981195532804,0.350911868079157,-0.540555340999691,0.569570090051349,345.682260160932,0,-0.995069542347192,191689,860924
"1693",25.5387861135689,0.198020373482406,1.31283586871299,-1.30973240631291,1.64615736471069,0.0395633620981461,0.207210434232035,307.708064087969,2,-0.637562809194999,768650,88965
"1694",49.2495966554507,-0.0391812398683069,-0.256511540536156,2.70683700409386,-0.803607845607402,1.93604828762204,1.19508227561184,325.979710615121,2,0.505371622839691,634930,325063
"1695",NA,-0.388365770189818,1.80567354563196,2.29550428581823,0.183444339912046,-0.090429132769674,0.967798976134019,1434.34921478427,0,-0.240559946154114,827306,607385
"1696",4.57262869779362,-0.287968973501962,0.506210645291035,-0.263770969481381,-0.262247424821206,0.204253446037198,-0.152177621717915,26.5501783287906,1,-0.781637751814142,492249,923281
"1697",NA,0.910301452678116,1.34920417581963,-0.645458547458055,0.193219659207799,0.778210295578194,-0.704028566482163,471.926588952611,0,-0.762288094604416,867065,892209
"1698",NA,-1.32633842380533,0.0194884129720552,-2.07004802572722,0.731187586526359,0.821951456310704,-0.575985512395376,531.699301704277,0,-0.781978924705718,398855,412663
"1699",NA,-0.34059330151449,0.022998967291632,-0.479066416996808,-0.864017001369324,0.478606932521077,0.271596887627308,-1134.91715394206,0,-1.27937708230345,85870,586079
"1700",NA,-2.32493491114457,-0.260107238685914,0.441191142097306,-1.87956476643556,-0.345083134917128,-0.711191770066999,-750.370505524103,0,-1.46585447716723,784036,729444
"1701",NA,-0.5998393868979,-0.766917919540015,-0.387973881453072,0.0318685598474183,-0.785060045676328,0.000364546221765232,182.884420951874,0,0.154076240330127,359436,180844
"1702",NA,-0.925763382740143,-1.24571563348215,-1.4777235416039,0.111726572442023,-0.861661245608813,0.498894885009369,1420.68786126412,0,-1.55353046208337,141653,983506
"1703",NA,0.714520608760956,0.392356160431452,1.44237750271587,0.673794015117409,0.850366661896387,0.776005238111934,-996.367010140416,0,-0.63780148565093,679282,971655
"1704",11.0162771662909,-0.532295154187879,0.280242472491611,-0.011543277876342,0.519741372070472,1.24403908857792,1.39970858983406,375.548669992748,1,-1.15419185615798,173693,931374
"1705",NA,-1.50320673188483,2.03801911615729,-0.726051736724503,0.976532416544942,0.645374959762152,0.636590011040405,-23.344667153816,0,-0.905318178175805,688020,120054
"1706",NA,-0.143141819089915,0.908329291998907,0.463452856336793,3.08645551633107,0.0509288811545897,-0.537428167759037,355.487382562095,0,-0.401755023928297,280940,116954
"1707",50.8998867047157,0.662240637964204,1.17880974648641,1.79043596711985,1.55646939794049,1.8035515681859,-0.00566892692506937,1617.7811134584,2,0.31472372804684,549627,21714
"1708",46.565857699928,0.284474138258545,1.67154185023784,2.06633951656642,1.01198572894941,1.46129343394639,-0.901088278889871,1024.68195478935,2,1.6930347341988,158924,217446
"1709",10.11728074039,-1.87601513226359,-1.3177474543095,-0.936673542915637,-0.725615688392821,0.205300945635124,-0.455252264369809,-1171.01468960007,1,-0.545057459730439,510204,623575
"1710",NA,0.00273186969845989,0.909055844961885,-0.135891651983292,-1.03295164971202,-1.01914087217428,0.583563585904142,1730.76644372729,0,-0.316719646155957,850288,196199
"1711",NA,0.29455226237257,0.465951809586721,0.803666442932355,0.073717849803433,0.0603469576506936,-0.0106154669257277,-676.899604107623,0,1.49753833298922,407915,707321
"1712",NA,1.43919686771503,0.372534521145873,-1.59990193029732,-0.0242154904897616,-2.38914636023696,-0.212404022007875,613.987269082789,0,-0.0665743200105213,747429,368395
"1713",NA,-1.39524806373585,0.100508581394512,0.445463818750385,0.560946342224513,-0.032136371538236,1.13780064628473,67.2508625988636,0,0.581449758144231,296170,651041
"1714",NA,0.255102188831028,-0.105163882137608,0.570940847771407,0.106589539331974,1.82091083033717,-0.0942702020146623,983.076454338709,0,-0.0473861323031364,311053,709358
"1715",NA,1.53159179202219,-2.69864934346203,0.706472276518164,0.193429027811768,0.840968421927514,-2.21226182724541,251.582463163129,0,0.339743222421098,300274,927795
"1716",NA,-0.434028544494888,1.69200835314037,0.51850806800427,-1.78262428861777,0.188849254013326,-1.21850707384762,-1472.748286529,0,-0.969273495007218,405888,78748
"1717",NA,-0.102533147197559,0.0787880209832698,0.702769531059444,0.0495803708596641,-2.10214094153302,-0.105448007820926,-1089.03225288319,0,-0.728913186988151,517486,121232
"1718",7.295189779401,-0.137344587845487,0.0260206439157762,-0.27521453741062,1.55683554123323,-0.342264549660999,-0.675059346493989,-1002.9955170375,1,0.997287244094112,536297,294310
"1719",NA,0.38913152190578,0.84222211197043,0.469862827684495,0.934412234131555,0.670550748205399,1.62151334457736,-962.409045371855,0,1.18280657490575,934454,949807
"1720",NA,1.4482275586368,-0.387971133249902,0.52447996635817,-3.0903419226738,0.217346273190733,1.64856755189563,-217.313709103656,0,-3.05996612817002,428429,79654
"1721",45.6755986154356,1.53487203067845,1.1307665906004,0.64071091843818,1.23258688106158,1.5024229354192,1.70524703843869,1132.38960190405,2,1.7085685496236,172933,53757
"1722",NA,-0.230935351986253,-0.566934983166881,-2.3105003838617,0.542241980118514,0.300651354652192,-0.263421390546201,600.85272761291,0,0.789436109484416,38998,788306
"1723",NA,1.54161694998924,-1.96713087860711,0.618212299435592,1.06670714081213,-1.16619585107683,0.112042774575881,336.047229742145,0,0.0829567845161228,71133,120197
"1724",NA,1.34767374891525,-1.47518775705371,0.884335012021576,-0.266479533682804,0.885504597524193,0.572783765912611,-1450.69269632907,0,-0.806636510531849,271166,832216
"1725",NA,-0.0123155245070604,0.152244496809892,0.146996930637259,-0.377990779149262,-0.366091212077087,1.37414173766972,255.673165248043,0,-0.106591820059566,495585,710897
"1726",84.3866339127383,1.08946151319273,0.757920614321585,2.37161068466561,1.88594677947247,2.27126326879318,1.70343743902673,1901.84112766966,2,0.66306531536483,54530,826862
"1727",NA,0.425858145992399,2.56621212047238,1.9615278828902,0.954932926200673,-1.49235639438108,-0.395016719476979,-899.80217440396,0,-0.209277279167036,331265,227892
"1728",14.2571306311952,-0.941875437160551,0.160053998692466,-1.95579257296332,-2.27647785864793,0.347698543436098,1.16828317608018,678.063182595756,1,1.15769469698306,337596,86513
"1729",NA,1.5113458873213,1.11984029712555,1.02491132973125,0.822499677290752,1.4928998635271,-0.0801545792595984,698.916535488976,0,-0.411921570534253,322457,645394
"1730",NA,-0.772412614919509,0.981488337852675,0.176229689289432,1.16084160506729,-2.17857462875466,-0.871763907868344,1222.84140017455,0,0.574319893415608,91054,419802
"1731",NA,-0.295446489708563,-0.434487884384693,0.712393357320611,1.04667695894789,0.196945795927142,-0.386383859642351,-757.637079510741,0,0.582729020779933,847924,81606
"1732",NA,-0.633646193712632,0.13738427575643,-0.034497864165699,1.73309071075775,1.55956675477388,0.70065872829851,-787.280110438265,0,0.495221755752222,286943,528155
"1733",NA,1.21464101247312,1.02107049252538,-0.451018429442936,-1.08508342326131,-0.405910190628005,-0.653938205913896,-341.515350516097,0,-0.417669784329393,818660,685712
"1734",6.54037323342595,-0.797747619000668,-0.225570536224269,-1.06064950684782,0.510713039017039,1.04182453396928,-0.541672868176707,-78.2156369527553,1,-0.403905195835309,885219,631727
"1735",NA,-1.34549438556582,1.45017203964365,-0.490281818108452,-0.99944334087582,-1.03301098166313,-0.622646379793759,497.277417901211,0,0.257533366221056,969330,83285
"1736",40.4525648764128,0.0698417908546927,0.852717498010379,0.621799664635063,1.11062141619643,2.28583293834061,1.02656254794826,1072.82230120697,2,-1.86593568521796,231902,759780
"1737",NA,-1.11037748533417,0.837625857772312,0.51831846360968,-0.133284276841576,-0.382204892135089,0.963842933508153,1004.81357793731,0,0.955027880437399,444474,72904
"1738",NA,-0.338094750409978,-1.13628093972799,-0.352345416003398,-0.794064081671143,-1.43537299033353,-0.811401890087005,1557.78559899269,0,0.772914729590186,335972,899560
"1739",NA,-0.525481434045384,0.991742322103489,-0.581987368250848,-1.46539028027824,-0.708673323492296,2.1397970985711,754.748162510904,0,-2.08377139561942,893402,732508
"1740",NA,-0.808401364318451,-1.00682730250799,1.80327593036295,1.34458837775945,-0.695115238707109,0.234977656833549,-617.80206839109,0,0.948539753342009,414804,276668
"1741",28.0067723759255,2.36929852614564,-1.81778675889789,2.6555031658722,-0.648701894819019,-0.329092066613533,0.563255479483619,566.936663482158,1,-0.447009585368232,165408,951646
"1742",NA,-0.100120634732001,0.888734395794181,-0.996984648235984,-1.50983324804802,0.193857614416808,-0.701575531099349,1161.79995816627,0,0.859035031335895,980665,32709
"1743",NA,1.32119335645928,-1.06071774640402,0.141341214678506,-0.429510958965695,1.0559557386637,1.59726356336517,-693.06716877713,0,1.20200111743513,335830,600559
"1744",NA,-1.62514536017868,0.0904222287411369,0.370349650663479,-1.34751766953471,-0.673276521357419,0.0972065221494288,547.054862799975,0,-0.108714853912672,325007,731257
"1745",12.9166100883231,1.54168294646106,-0.127763663845861,0.850559930702347,0.636251958746577,0.402053631544285,-0.526128407014989,-1588.07262341247,1,0.234635136086469,728426,443156
"1746",NA,0.972220203403948,-0.709214153043908,-0.142618191271899,-0.995874371331734,-1.07234515469003,1.28231697579607,525.031104977791,0,-0.58547705828632,31200,639816
"1747",NA,1.00185039479526,-0.26393722123226,-0.41829033155893,-1.21186644923963,1.02556891992477,-1.16094302476009,-458.767869468512,0,-0.57538207306632,815102,502410
"1748",9.94854720124922,0.433922936374478,-0.468202781871203,-1.04643637198213,1.69114463157231,-0.489565484307168,-0.75017848277754,-146.575599519567,1,-1.02350547756894,169135,82439
"1749",11.0739087194172,0.180671387527715,1.58157512632279,0.89786960245542,-1.3365538018685,-0.569182516404505,0.162492176755658,415.236845794245,1,-0.584902904614401,475955,532747
"1750",5.87502154003347,-0.336120951764516,-1.00301055733483,-0.849201611808191,-0.33147792749977,-0.0610143296726958,0.876408824990244,-1022.48677970518,1,-1.61374901344536,545806,594660
"1751",NA,1.68917702701924,0.157760456254539,0.264151706147823,1.50600210342194,0.628499851452422,0.877514009639427,-1859.89495281992,0,-0.0738447726550911,623026,559719
"1752",NA,1.31271229744267,0.768485636807286,-1.11865517223634,1.82038666538246,0.586963925166253,0.506418104470127,82.4083900804518,0,-0.405661549857634,402527,857110
"1753",49.4392492747425,1.3258408845428,2.3340419214494,1.10655776900932,1.53863281701248,0.107898761394238,0.821931754492834,669.278758369593,2,0.898720997168116,859304,191141
"1754",NA,-1.45978637584602,3.10696387402919,-2.94768381312721,1.64019409742634,1.94960332634102,1.85135244929911,1734.34691328192,0,-0.062890554216458,267024,559347
"1755",NA,0.69969853665617,-2.18259307951779,1.7963081408604,0.711875457833895,1.27483467664654,-0.560588353699338,-1360.69130948134,0,0.142032300174195,851261,869660
"1756",NA,0.655914783194289,0.585759450226438,-0.894950312242276,0.168376882073078,-0.78212576058554,1.15704571190307,-928.319832428968,0,1.46994015886367,789439,81948
"1757",NA,-0.685155087137898,0.370218619578286,0.286505995460518,1.10846392820297,-0.212613296545106,0.262924406115683,-254.474949605376,0,-0.86991276081364,865102,431043
"1758",12.7926776560925,-0.335114201152774,-0.374811684899396,0.720869706645942,0.690660003536487,1.39688003659888,-2.27250532918603,787.758133408463,1,0.180323903571487,439970,971476
"1759",NA,0.764087871194897,-0.560202909656192,1.67276534369963,-1.08971279620572,0.316607470616954,-0.23434049931187,-804.554597757863,0,-1.87026523619836,621144,995840
"1760",NA,-1.02879609713254,0.53895308947118,0.226142037751435,0.0612490154231996,0.170676908478498,0.386374166569669,801.441447441237,0,0.224909210270031,752610,131211
"1761",NA,0.228546374886986,0.48172888100409,-0.264484406050175,0.637727023544733,-0.0517415032385765,0.799231441790676,10.096012912257,0,-0.883304800616974,653684,903008
"1762",NA,-0.498795597107748,0.189351142684116,-0.549244540479212,0.529151479974,-0.902963602171998,-1.50826152248322,-254.47360105805,0,0.0646713848547866,879524,86615
"1763",7.83415089614249,0.52505458109728,-1.08552709971645,-0.89228016836489,0.177088143383427,-0.2396459440206,-0.225808331073618,789.162508347289,1,-1.08914769449513,206745,259523
"1764",NA,2.10803616940851,0.613895354590045,0.048684877507417,0.847633208416601,-0.701051092824926,0.240399079035981,527.603919190379,0,-0.768104262267902,319926,442617
"1765",NA,1.73939420635903,0.461552555079239,-0.205067802122606,1.27714293528278,-0.368866754985901,0.91008659884636,-1506.27847396662,0,-1.26795932367629,16501,344472
"1766",9.19563526334248,-1.22144365757684,-0.160908614719747,1.32765079008941,0.476981809491506,-0.811719212975993,-0.668118918182373,696.88629704236,1,0.21884575492231,820052,367849
"1767",NA,1.89263627132901,-0.41942475054847,-0.489194567196828,0.580073314266011,1.06947791086247,0.550973896936775,-883.140652354573,0,0.782994610748875,242209,273128
"1768",56.3210559166951,0.164446274511075,2.6624996287611,1.81183841713805,0.617459802558665,0.581920035379189,0.855693940044778,1661.35811022628,2,0.323745184414652,751128,489690
"1769",NA,1.07148735697671,0.801010272214451,0.671549849167912,0.74718560908801,0.69852202888791,-1.91837761193156,-350.904235177259,0,-1.33778384775771,483721,991913
"1770",4.63691232630033,-0.615037809917093,-0.52837363384815,0.275742407232404,-0.487579814537925,-0.0650037836960631,-0.386974133361673,342.152749165622,1,-0.822015314952201,55176,630271
"1771",NA,-0.339495734641632,1.13110154692688,-0.336010990994944,0.352196917987177,-0.431531388558082,-0.351696278277697,-256.232884184706,0,0.586855266983107,391506,968329
"1772",32.6878311303193,-0.0190591877038964,1.52822986412353,0.820293824872529,-1.28549626758643,1.02767722609634,1.72923570285207,-215.875301460369,2,0.661878899444971,913942,744545
"1773",NA,0.289732281790118,-1.21469884775095,-0.228373276550797,0.552532094951372,-1.23294716668276,1.8025243910376,73.2389842220607,0,-0.727241903676717,446960,775800
"1774",NA,-0.522293041070134,0.172672546820541,0.260584823324656,-0.229366493367558,0.622778662803108,-1.21241307625029,-1062.67083055858,0,1.70806335601322,682429,617688
"1775",NA,0.053770810492918,-1.75910819300488,-0.448378414023772,-0.568221757487164,0.778446445949417,-0.923085355080093,-2449.16451078521,0,0.0616645638125287,398110,834803
"1776",NA,-1.4961220934564,-1.53871092849981,0.037956790625813,0.338321400862434,-0.757976877840427,-1.1833987075266,785.139641939556,0,-2.06789360838111,625515,397462
"1777",NA,-0.455299784187292,-0.744289498804812,-1.03588855767006,-0.532839453106669,-1.22127581484457,1.11267317674352,-329.087325239464,0,-0.0802126875318348,446077,973298
"1778",NA,1.50308657259884,1.59802673606416,2.34380163488361,0.276965238704149,-1.1146320168767,0.0314256877551595,-996.251711043616,0,-0.0275054047717495,55373,281442
"1779",NA,0.093027359854419,-1.45682736491043,-0.572551631872221,-0.429887681479298,0.268586983413614,0.747426363636874,1041.60911228385,0,-1.1609696376479,139809,932531
"1780",NA,-0.631579749897106,0.606128224194639,0.407125834503473,-0.402829158751464,-0.399118740612267,1.37911431953863,-306.751046874419,0,0.0434435260534758,351996,277556
"1781",NA,0.210263204897739,-0.687536885483206,-0.0234702175020489,-0.131136191244456,-0.390585801835415,-0.433595120441411,1121.49436785231,0,-0.890209963500672,250335,234823
"1782",NA,-0.188600041373565,-1.80546792832554,0.902841851022476,-0.221558266752768,1.14482624704983,0.380162122947514,455.120231033746,0,-0.332888881984487,843553,548663
"1783",NA,0.284869386683406,-0.616683805730788,1.23070898175523,0.269497937362312,0.186804658674137,1.35048182591837,112.284321971837,0,-0.204600771253047,327882,48422
"1784",NA,0.846322194815971,0.17163700497242,0.718384375699837,-0.639953697844357,-0.665587670452781,0.613804583490129,989.430782447165,0,1.10850891615801,292998,95486
"1785",15.4655899465845,-0.374951483055731,0.257937391777492,-2.51631419793866,-1.42380789508305,1.0484617921934,-0.585139225123751,1658.99421825027,1,-0.507944350722465,588713,604624
"1786",NA,0.612695511117536,-1.19356804126943,1.19844454707094,0.425663892753341,-0.0492001780585248,-0.918461177342175,-680.220868662747,0,0.716581454369968,640400,586159
"1787",NA,-0.179116814423903,1.89202880700106,-1.53762111815132,-0.346267919536195,-1.218579331141,-0.156980421454233,-1287.40480828912,0,-2.13420362305839,115231,878352
"1788",79.5159222246522,1.94410651712532,1.30659524232107,0.439111095919436,2.25001211528072,0.950756506759561,0.0839390490433387,3282.8540812174,2,-0.53645293143147,289907,167897
"1789",9.48166406718687,0.805672855392413,-0.991668618941321,-0.201962585202441,1.17043377538874,-0.743313854126311,1.1066985035318,-997.473444810465,1,-0.484154176488928,991931,417753
"1790",12.1758216124717,-1.6995572847354,1.40393528257743,-0.613010928623103,-1.54016431872584,-1.36700283421777,-0.824072715624874,646.500201882182,1,0.388329739494936,76213,612015
"1791",7.14675056099098,-0.505568519354491,-0.644942668246718,1.37014847762866,-0.0349136787548467,-0.636547510142503,-0.0562139915123196,282.732202112625,1,0.0107361505940561,704568,73326
"1792",29.7350656007599,1.15274717172952,0.792396212801407,0.521309491538088,-0.0531119226744736,1.24752626662762,0.985778913787918,1169.504099433,2,0.231406545437234,776576,476836
"1793",NA,-0.990645669823714,-0.094893317909627,0.827855703968951,0.550531126419264,0.391313958268571,-0.714538307563963,-843.331475826565,0,-0.965907586079428,836668,334710
"1794",NA,1.07249672462077,0.885178418135822,-0.0955257068013988,-0.795170922205902,-0.459702283387977,1.8767030763776,-265.376989352173,0,0.953773368432244,619288,750596
"1795",NA,1.88017449712824,-0.797561869482149,-0.815346142920775,1.81569711090508,1.5480682731595,1.25269333672589,-607.006985453379,0,-0.536623676641485,30811,262454
"1796",NA,0.346158358580168,-0.156654564286217,-0.944590304166415,-0.310692065555889,0.213344495150374,-1.93734446550713,-1028.16189635675,0,-0.691545397653569,829766,433399
"1797",12.1657285469223,-1.40428168463773,0.399671400360096,0.713670294922088,0.928123445626072,-0.280239325354173,0.410266310709998,1379.52106522805,1,0.375167428521533,303753,116087
"1798",NA,-1.82284170310028,-0.571824323252357,-0.969068810294864,0.405612679667818,0.598721029457533,1.47963982547146,618.784574524233,0,0.394753987342601,226912,947707
"1799",NA,1.77556452996558,0.119945294181456,0.931784451706733,-0.589551650414982,1.12340642998395,0.569633481448101,1138.33213368422,0,-1.42999629380118,789259,871569
"1800",NA,-0.931886443559978,-0.517562079828493,0.517755760994285,-1.0112281396172,-0.158213470220166,0.933893001062086,452.104324058631,0,-1.00244789435446,792918,310570
"1801",NA,-0.438169573192733,0.342134503742212,0.618847152274391,-0.332336246586962,-0.307828005441082,0.19474230574536,1224.72419704277,0,2.95931002203351,728624,748325
"1802",NA,2.29958639921588,-1.21762204551778,0.298257203016252,-0.68280737803776,1.21637185875337,0.80684020361522,791.054463153577,0,0.390381805410966,467615,415418
"1803",NA,1.97720571253161,-1.29541593412576,-1.41819247007567,0.336957184211589,-0.807695353861284,-1.23720636603162,1454.77738004879,0,1.03632438681046,936553,613911
"1804",NA,0.09620051872224,-0.65941660754784,0.227189297722425,0.823635540909313,0.275861485473517,0.720942020236202,-814.473493024651,0,-0.0995438309793639,598947,373839
"1805",76.9970539782141,0.463388561345423,3.58556643828092,2.38228000070313,0.923795101091683,1.32388727736355,0.21080794332403,64.0380660081644,2,0.816310528862472,682300,578859
"1806",NA,1.3336905345706,-0.0962595011193779,-0.471740906379174,-0.85680747917885,0.577287754326875,0.447068009886434,1007.3017238339,0,-0.55345387187461,325613,477150
"1807",46.3833371024452,0.293706199213915,0.761635194586662,1.07482346565102,2.08915420531773,1.68529546966827,1.25031319475851,1006.12434057758,2,-0.556714296713915,780551,437553
"1808",NA,0.833120239093646,0.608884980548697,-0.155690321644092,-0.896645303234951,2.42944359547269,0.527952584801185,-59.805412613263,0,0.171128893646655,988310,142907
"1809",NA,-1.20179621077706,0.0330848737264414,-0.195806139476968,-0.211886812721581,0.981235460334558,-0.287635167896122,113.741724283287,0,-0.742799313152628,363612,83455
"1810",NA,-0.863329488685437,0.200652201087941,0.361583461021744,0.693031804227612,0.18060427735811,0.717277438559282,-674.301470329204,0,1.06178134402107,870077,160708
"1811",NA,1.58142598798636,-0.711819887677979,2.06936060787874,-0.206605564033153,-1.26898643157288,0.117055988940686,205.405636433841,0,1.62691009153728,488182,908446
"1812",NA,1.14141528232123,0.390755081934048,-1.74395875160592,-1.14748093425302,-1.37773515721998,0.0386911713593151,2108.86116269786,0,-1.35799976008895,131515,300862
"1813",NA,1.67325858159739,1.74284357007591,0.738729611208943,-0.60240690771775,-1.5841355506549,0.304105293585567,737.112694356264,0,1.66189395381355,315742,699270
"1814",NA,1.65738619109962,0.39618805029471,-1.15061332371481,-0.11433906181059,0.714102811996149,-0.987168406913434,1257.80433915753,0,-0.351325444785057,412907,890182
"1815",NA,0.0752790384017827,-0.483516233894798,0.631077252551048,-1.097986268375,1.12578601407044,0.739402459826396,-35.870204177808,0,-0.366032861871311,925444,922436
"1816",NA,0.292557082709395,-0.0707409357471851,-1.48556320634109,-0.43882695776536,0.325901422452436,1.13015140287004,-52.2065422134136,0,-1.71999926913893,458280,59922
"1817",NA,-0.211671832414134,-0.596293349806746,0.581267481509596,-0.876463990454269,0.24260373280229,0.481019954619783,125.311519073712,0,-0.32801379688396,632999,732150
"1818",NA,-1.91955405972217,1.09927683190904,1.31656488623603,-1.07324260145186,1.20766607061486,1.63133848900722,-594.184231330694,0,-0.590763394681829,451971,604052
"1819",NA,-0.0577848236459254,-0.0204232841322358,-0.182104273746737,0.282078224253141,0.72838614834623,1.9994100172691,-850.302047571267,0,1.25961874013688,659962,28493
"1820",9.47606877309313,-1.12110509485158,0.357499332436595,0.020442424567186,0.796486421524515,-2.08532999801709,-0.464655688200729,350.923157584182,1,0.144880276623973,721421,929230
"1821",NA,-1.17486472713239,1.91409714132903,-0.402992825940501,1.41884339479253,0.208405060160791,-2.35321184101927,826.610283852173,0,1.44069738251233,928195,189541
"1822",17.2248615859104,1.52304582608461,1.11404121062391,-0.515016280131271,-1.27002636194693,0.0314729892923556,-2.77241221267964,1030.53641181878,1,-0.765117417933775,939029,210198
"1823",NA,0.0115215902833271,-1.21657859423561,-0.706277925495765,0.251374003026652,-0.776917712323353,0.693714838559768,800.28979538556,0,0.852408987653901,723150,505824
"1824",NA,-0.461765401738417,1.14807443837293,-0.0332873612284455,-0.315625111646668,-0.621289276044993,-0.425182694579305,-373.39616222692,0,0.234799946373258,514661,337745
"1825",NA,0.307318883122337,0.507716708851971,-1.71396888375535,-1.11805523690346,-1.14525800405705,-1.3816537289608,778.691874822471,0,-1.27878020198239,409555,247489
"1826",NA,0.592480567663119,0.197895922225886,-0.115236614139468,0.342137490987879,0.0763962732632538,-1.85052425204594,415.043890129159,0,1.85699716808533,932918,424034
"1827",NA,0.339867047626947,-0.47524883552946,0.66092448999102,-0.295311475198691,-0.521435868651344,-1.69886946073784,688.309969824026,0,-0.208766592785794,559277,133571
"1828",NA,1.52307146322055,0.405555280609385,1.01904403807454,0.931880077357022,-0.794405429520605,-0.529105889827632,598.58769589057,0,0.634803843891177,746440,836894
"1829",40.7246659434516,0.597871453620679,2.02610154053328,0.819345476973446,1.8316510666311,0.515831461599115,-1.34085135546409,777.14509272837,2,-1.04975327777738,916641,448281
"1830",34.3124856369022,1.72911063855394,-0.593005293100019,1.48350016627647,1.54117740727783,0.0941731051215848,-0.0108692719288026,513.11259400817,2,0.512948640721019,501474,260439
"1831",NA,0.526141117966565,0.566207366514519,-1.11431687724172,-0.382494832707178,1.5862292627358,-1.08642329219246,979.992474089117,0,-0.63044289015661,636344,854608
"1832",NA,0.189868075783841,1.41493789214,0.655420122962049,-0.737451213877296,-0.340775958259569,-0.486324802892388,1427.49760578975,0,-1.52440420496093,274105,309533
"1833",NA,0.26917532697068,-0.520567262956326,1.27114227855516,1.81016290049282,-1.16203475323287,0.84460135049267,10.7605959203316,0,-0.403733353737645,826409,945593
"1834",NA,1.12088566067829,-0.129614608336333,-1.36647331353896,-0.185446146439269,1.43723422310007,0.734513107861425,-136.183733660532,0,0.241738014948897,685840,71341
"1835",NA,1.17057819144112,0.174329751375751,-0.0470093385289376,-0.20087400951879,-0.33823897846497,-0.410866204071608,653.591870343865,0,-0.202494916176467,804852,480848
"1836",NA,-0.726472605398071,-1.87416085905595,0.304256036255766,-1.72308891805501,-0.290170336609669,0.546815802958976,675.210416081658,0,1.40891995194257,433974,724172
"1837",43.7548118332505,0.540691195112235,1.03282516790335,1.40730844456944,0.418935023848047,2.44207435297794,0.593663273141426,-1269.34471557216,2,1.36665986151539,649206,409779
"1838",43.5396254521574,1.40246765510999,0.848408199866219,1.3933420146687,1.13783406652311,1.25034135941469,1.6057427523191,-175.663688834716,2,-1.94720948974948,832237,139236
"1839",NA,-0.036870929671329,-0.765832315283695,-1.05253990327158,1.62161763071165,0.363868577224092,-0.315496367405308,1265.38975307965,0,-0.205960936496356,898941,19422
"1840",11.1502896433942,0.656304131631185,-1.88425476467226,0.621229207064764,-0.165269913082818,-0.659472922105259,1.17516481859391,658.662783806257,1,0.0595847873184415,257806,804746
"1841",NA,-0.769544263030851,0.0766410168383591,-0.562757418158304,-0.457136238798398,-0.643259858014082,-0.699431282955546,16.1237965609035,0,0.258459027362306,485982,870030
"1842",NA,0.11571809025241,-1.88336077404416,0.256791574234714,-0.489776463652577,-0.243899857452151,-0.579118567979458,-88.1150905818711,0,-0.741447276056527,414069,60432
"1843",9.75286266433421,-1.46023198221077,0.842839410090977,0.112252419347832,0.401184605729094,-0.0176988018321761,1.13560956980227,-1157.04127126506,1,-0.0083175124932329,440436,744019
"1844",NA,0.875752732978301,0.0785150555891184,-1.9995718221195,-0.67500279181679,0.323494727259033,0.276613039582527,-714.920879134419,0,-1.36352505448982,180709,926667
"1845",NA,0.94009266313535,-1.29457054591335,-0.626995894436958,-0.955460251756171,-0.794338834351717,1.04970765215145,-477.395233131099,0,0.163267186383181,370057,490759
"1846",NA,0.567691231973924,0.988323868174598,-0.445778339460648,-0.819085616488899,-0.506724818395507,1.20773091750318,-144.515329207318,0,-1.31588352854458,334015,635260
"1847",33.5684082743088,0.731021013105525,1.44001633114077,1.65674667619643,0.293370815828918,-0.260216574336472,1.23400144939188,-1767.89752070971,2,-0.0667008388308007,87093,790464
"1848",NA,-0.672461080136893,0.0853418492926724,0.340493398517799,0.181873063066098,-0.919892978773073,-0.411641197457096,-1393.02683426754,0,1.17288407414604,678208,992308
"1849",NA,1.36675494124662,-1.02630647359949,-2.81351250906171,1.77409102071385,0.672080218851444,0.341727504530362,-1136.60165970218,0,-1.35962592039241,913301,849987
"1850",NA,-2.16254825782593,-1.32525473583754,1.57683182226346,0.219273535397093,0.307362597008268,-0.567760065905653,-659.906197154872,0,0.31645821455127,910497,31759
"1851",NA,-0.940491007067371,-1.73155577814272,0.817541395242673,-0.599993733941472,0.488846759965421,1.19483531158273,-660.3972752988,0,1.16740435002954,588939,230799
"1852",NA,1.51162077050747,0.150779698836178,-1.15250438856157,-0.724978312334746,0.168347697862076,-0.510728836350107,-1998.73695807068,0,-1.47255583373523,750496,123315
"1853",NA,1.29921508248022,1.15687964486094,0.813022695019561,1.64623242824815,0.0363835148746478,0.6142680150675,654.201244829703,0,1.50873306958492,169868,600711
"1854",NA,2.14976869827353,-1.22993700368655,0.778221304902982,0.980190076164401,0.58868025225341,0.825487011113861,1897.98348236064,0,-0.833552727025271,231621,944950
"1855",NA,0.947441534666185,-1.44515596811348,2.37835976660661,1.49193675380424,1.022788255467,-1.64704334481247,1767.65137996202,0,-1.06930739206966,699340,425439
"1856",12.7120800681879,-0.902826168966099,0.377361191456696,0.901034101308542,0.366332406694964,0.856169955961489,1.10453719640054,-2212.94299653498,1,-1.39189484727785,959292,85572
"1857",5.07685691562374,0.410656275673315,0.228700188291115,0.267015870682217,-0.621198957713566,-0.490232297197217,-0.212789893160879,-14.8913151973195,1,-0.330403857901277,321532,874669
"1858",NA,-1.24584591728736,-0.126420163943109,0.507761431175409,-0.662959598110287,-0.720292009799076,0.885043920849945,2029.55295125778,0,-0.276727407984634,645570,559530
"1859",NA,0.37292041350213,0.760956941476248,-0.614224085827509,-2.40542453340926,0.453991281629984,0.654511916192412,696.808263360684,0,0.409580270882318,550027,535903
"1860",NA,-0.530421974169165,-2.75949508572677,-0.212113827322493,0.453361815636603,-0.530201202996013,0.139070536497365,463.017695986645,0,0.324751747238415,185597,407686
"1861",17.3271561115667,-0.300455254805244,-0.270544518079438,1.32104871768775,1.03015612570369,-0.563863141942481,0.29678551794429,2328.95874517491,1,2.48107459430694,726968,359273
"1862",NA,0.244741504664849,0.0619260239282722,-1.96923369560747,0.223390710221704,0.377515547395948,-0.321462124184786,2090.99434653463,0,-0.354311926754154,997948,222573
"1863",NA,-1.05794670068638,0.72105777660834,0.971253423624789,0.103269705925892,0.523236764723586,0.92859483669604,-802.952889096641,0,0.0782745483123117,403459,559009
"1864",NA,-0.240109286190895,-0.333215145430244,0.863759423582387,-2.31867378204135,0.961827314949766,1.45923859823001,1231.12433966959,0,-0.320314559145144,439507,731139
"1865",5.05717418771605,0.143904951377504,-0.818349041468155,0.0226457074678125,-0.65154079472821,-0.126074695052793,-0.305480731357605,-1398.42799404145,1,-0.634328487245138,810315,915305
"1866",NA,-1.82076400866146,-0.0686251713960716,-0.582523353994044,-1.2720410931239,-0.858280551362793,0.0935571478740088,396.131239389257,0,-0.859367918427375,573988,510597
"1867",NA,2.06581701304845,-0.975676389525426,-1.52389553245372,-0.476320494117045,1.3740506426356,1.7920755450137,334.819316635386,0,0.842834556104373,897398,588697
"1868",NA,-1.75534734227711,1.19447864687252,0.224060180644129,1.19981824532781,-0.0990094565850399,1.88428649637113,-483.909621351782,0,-0.975424946342835,145006,509582
"1869",8.01573044178854,-0.769303425234893,1.23196689661228,-1.10764834804992,0.366899366267855,-0.836346067439371,0.00824395989619636,189.562929413986,1,0.851612921988826,225789,347117
"1870",NA,1.57512711720883,-0.289794166615944,1.1543756856487,-0.40541644819539,-1.70804330165252,-0.466459337481492,-44.4437994662911,0,0.76333992334746,314880,928695
"1871",36.2999927975548,0.935677413422794,-0.321676527268792,0.787186386135348,1.7470724648982,0.734776791486664,0.834724980856242,1665.25294759575,2,-1.41062549230526,740778,22618
"1872",NA,0.863010286749706,-0.204598734298795,-1.11544543308132,0.365110414637593,-0.980614988420054,-0.551493724413377,905.974529330008,0,-0.842954958317357,61855,974152
"1873",NA,-1.149993670768,0.269729545362594,-0.577579327137518,-0.233473866560931,-0.220990626740548,-1.93408601475219,2134.14667899146,0,-0.332608544840625,362571,85865
"1874",NA,0.315300612432458,-0.927442602531966,-0.739961232853302,-0.273105193479857,0.0250667858466516,-1.01353283345701,-720.873156829241,0,1.56990982874681,274065,117862
"1875",NA,0.828084364909161,1.2263909977548,-0.549630509081245,0.256919644258239,0.487366175070627,-0.467657340883496,-878.58849259298,0,-0.703139701886201,874456,228118
"1876",NA,-0.957855698828125,-0.549925275335352,0.369836256372772,-0.762418755399501,1.0035239410293,1.41215098291928,-1127.57867770948,0,-0.217321383776836,313173,352215
"1877",27.6084668035574,0.66414754058605,0.114375438580079,1.32706642922884,0.285486584639002,0.644856062235315,1.46794290318371,865.4481349938,2,0.60435436323019,164628,971567
"1878",NA,-1.07778323487969,-0.73627404654973,0.8068485069228,-1.74136070412058,1.21736865979848,-0.444219062573062,842.934506908878,0,0.45096665226683,955714,191762
"1879",19.4498205312245,-3.11451199345437,-1.16122439642343,1.83952656985099,-2.38401577604314,-1.02668578372562,-0.356356770611804,-1797.55163066318,1,-0.938619239370546,489708,155993
"1880",NA,0.766003154935747,0.329021282348195,-0.518783978972897,0.0255626986426321,-0.49431061737604,-0.8348410900713,1671.32050159958,0,0.608196503982554,144082,20489
"1881",NA,0.335688530468397,-1.42078721920838,0.966681792253586,0.775147018119369,-1.08105045740821,-0.171499782178086,-814.126869314648,0,1.54120096593823,216239,221832
"1882",NA,1.04218032902754,-0.771203586284036,1.40502006098341,0.0338666266975919,1.02459587244555,-0.752988937253808,122.365923559126,0,-0.505554557342993,867613,432352
"1883",NA,-1.68873201005327,-0.695855259453768,-1.74265729415867,0.942917462553179,0.669365914428863,-0.833775788295371,1362.46039097987,0,-1.00799657932173,562188,907120
"1884",NA,1.11608897085216,-0.0114640535883383,-0.712838425679755,-2.02500302575698,-0.77552591038096,-3.36511133988352,953.805619987095,0,-0.177582056156677,459868,916766
"1885",NA,0.558981380523659,-0.414497643778859,2.39508715065949,0.0713210553093423,-0.624253952094903,0.293880246936864,1957.84660797243,0,-1.17366416980962,254960,561549
"1886",11.3302317190791,0.098534317935354,1.07116528926155,0.610770968217087,0.36652612194559,1.10092194049116,0.193703587368002,-185.547861143575,1,-0.262951473349796,939837,680748
"1887",NA,-1.861958368686,-1.06706729473263,1.27457900296344,0.874071770807623,-0.466711230388199,1.55967188572441,-113.971195049941,0,0.746962317854249,879073,579923
"1888",NA,0.00946427944130399,0.342235892213626,1.07396668056795,0.723080947848873,-1.68953207611685,-0.753864914579178,-7.66550787749045,0,0.123095592807184,981435,820180
"1889",NA,1.15360028972652,1.04910876442845,1.06236844345033,0.656459688617625,-0.182800179072844,-0.9017676283305,1665.56006056465,0,0.593066190556181,679116,523
"1890",53.7274272037805,0.0957552782398304,1.18252486745052,1.13911135688599,1.62323920361819,2.70979090140807,1.0805227386164,536.916413522979,2,1.48871085798939,201336,4983
"1891",NA,-1.06151834365262,-2.24998452038753,-1.22686254236597,-0.660879493339291,-1.65960443666666,0.650796697654289,663.656703502161,0,0.584524292334753,296420,370705
"1892",NA,1.16696783095113,-0.00634080815333409,-0.0847112311797618,1.08933636573061,0.86759561152235,1.15623294194989,-512.847450366682,0,-0.607512535429365,696519,658296
"1893",NA,0.663140786839357,0.643467670060797,1.04393727498912,-0.627674229916526,1.85712495651741,-1.69800468497667,-1934.91864200706,0,0.317738234248462,675225,11087
"1894",NA,0.393755922496281,0.581850061802676,-0.384220251774329,-0.178480203696893,0.233503375448278,3.02408372845996,449.321178574505,0,-0.204143473880533,5160,503580
"1895",NA,-0.754961041699671,-0.24690864452771,-0.514844509385223,-0.637481376395347,0.621191635383444,-0.463163810309991,-970.130679797982,0,-1.20006058392195,936306,882607
"1896",NA,-1.06874064674555,-1.50076911338502,0.145594527807354,1.40612627906745,-1.40030656095269,0.6094131423849,592.471790854428,0,0.497327503411419,438750,281785
"1897",NA,-0.101088436158876,0.58898433574259,-1.65006147715953,-0.475617336582731,0.443661522363836,0.524190860697803,1273.86040369841,0,-0.842238065104476,940487,384156
"1898",NA,-0.645386112800314,-0.166033333734198,-0.806685625056716,0.725338920852028,-1.27753547752124,-0.951292876319717,727.140834773241,0,-0.160814503592355,385308,318806
"1899",52.1144263485947,1.34892227730824,2.00671882558572,1.18152286911366,0.978406572902244,0.348522212238888,-0.0367199620319469,2287.297206151,2,0.112667036885537,396989,979637
"1900",33.3543517341776,0.922254032325165,0.918332791445841,-0.550288534653375,0.941965733719601,2.24265605861485,-0.462200734461513,128.58068580451,2,-0.734855218427839,35608,878031
"1901",NA,1.82238539228557,1.85186382799047,-1.72363036906025,1.19464506284108,-0.958207175078819,-0.0418500261539325,-100.727565090419,0,0.527813255119761,834568,99192
"1902",NA,0.167455564515846,1.12341525557543,-0.387153758422054,1.57769362490022,0.581574951007298,1.01185988498875,806.300400872268,0,1.14283526538422,143606,266962
"1903",9.99378263918524,0.246872693355435,0.215466901975966,-1.14137055783551,-1.9743001816968,0.352763909872708,-0.0815772479921215,-2173.65730997913,1,0.637378663116865,128386,931857
"1904",NA,-0.390265707941163,1.4979967871236,-0.765789207861399,0.623691188813028,-0.2604233495746,-0.084765140807353,-1610.48461923035,0,0.774801210887674,119186,287809
"1905",NA,-0.262954905902083,-1.13714325136408,0.655517050132521,-0.401845694751767,1.2154446423301,-0.771980962319482,1178.36220335499,0,0.105932318786734,260426,279897
"1906",NA,-0.599559126557768,0.0251625595995957,-1.29625626252673,-0.100393220507192,0.994969098855266,-0.274562923120852,-1166.68102033054,0,-1.00075327305347,999760,723690
"1907",26.2083691796656,-0.330698714243296,-0.126078953519613,1.98024463328527,2.32999052355732,0.492146048842844,0.825775252118972,1179.57870729362,1,0.263242018797054,371381,360722
"1908",NA,0.307175174553571,-0.618049659926338,-0.714695014401617,-0.154247843116638,-0.397150002042952,-1.92766401608707,1261.02723878324,0,0.259073767753784,470562,95509
"1909",NA,-0.936211947629528,0.968759801567469,-1.69188756207815,-0.728939590178699,-2.12343328292709,2.95708880383308,2715.84062270116,0,-1.5876873090414,634970,597197
"1910",NA,1.47957752571057,-0.979915040379079,-0.966390294787576,2.21196087145676,-0.840762116545334,-1.3127197653882,2448.81992090955,0,-0.524472912205629,62000,810807
"1911",NA,-1.24689860129658,0.520897391980764,-1.31597456802136,-0.523453123118992,-2.5952252162669,-1.86847314037082,-234.734125185522,0,-0.578918980555517,126682,303988
"1912",NA,0.145226992090289,0.662211426650727,-0.0292765481023271,-0.75912073955733,-1.45119805029783,1.25687746269855,93.7965373123353,0,-0.926189209409513,26465,963215
"1913",NA,1.47657941684783,-0.125947061202284,0.0952472421196031,-0.303538378216636,-0.491191319733456,1.6224990444874,-2148.55904176067,0,0.620793536576447,975303,15925
"1914",33.3235103482152,0.282689116664548,2.62187319102877,0.0822717103688011,-0.0263698994750219,0.602329838570734,0.368767503439145,-215.083716506114,2,1.44897092447142,513052,684552
"1915",42.0550556034194,-0.530451268460747,1.76623704394515,-0.131144088719084,0.217436878663538,2.69629194970991,-1.01941653418805,-220.453800412981,2,0.805470916787474,821273,819408
"1916",NA,-1.21635944536467,-1.17170292729919,1.89899000972943,0.499170762146117,0.286741123689757,-1.59733806882517,-98.3112649548722,0,-0.210549806815339,482896,488638
"1917",69.6447362999272,2.0812672466951,0.0277583382201502,2.31460449036652,1.52492669034039,2.19161307825927,0.938753638535927,1525.9233670098,2,2.44226266442421,780381,795322
"1918",33.7341590328299,-0.215642301165621,0.753336942236824,1.90088551559267,0.91826885872335,-1.01298941308082,1.34778327632638,996.343294746497,2,1.79116598741957,765010,433373
"1919",NA,1.47189160288494,0.246146748983735,-0.0868412678157384,0.627411536158931,-0.163302975941935,-0.55357444640768,-2.03733137674417,0,-0.819083510804498,287810,470176
"1920",NA,0.391604630598838,0.661518735139447,-0.290425860473748,-0.285532398886831,-0.703661949330286,-0.549860872897806,-545.968018477332,0,0.413883376147128,2859,605554
"1921",NA,1.06388621448318,-0.307261196450948,-0.405279344136416,-0.388904343103742,-1.12372832708873,-1.51716134336534,-1260.59050240732,0,-0.993501512518868,705636,272348
"1922",NA,-0.583382544927199,-0.613671900810836,1.6863843060436,0.0589805164762721,0.280670859323328,0.746836280364237,924.343450671765,0,0.945275777786164,820871,528386
"1923",34.1138877787457,1.46907429888596,1.52589360951504,1.1188905891633,0.120954532488851,-0.360120330960578,1.3067183285502,173.781525789287,2,0.295992016739716,641614,575124
"1924",47.7443135680265,-0.037216528221736,0.317822910533156,1.38881884763962,2.69183936822336,0.976722032932621,-0.345272704809953,1589.48911969441,2,-0.71812829466486,949480,586865
"1925",NA,-0.0870369044753158,-0.0614827744883259,1.0712080670943,1.31894184391971,-0.108409909925004,-0.254280652518584,-483.807014447438,0,3.38186630501109,661420,392765
"1926",NA,0.51005003907092,0.892500225052287,0.766159704834105,0.69428874597318,-0.289768434432758,-0.65480760830362,-707.759090930133,0,-1.0792887502327,673525,848284
"1927",NA,-0.827842770321963,-1.3581203476695,0.0568177157768613,1.46834745438228,-0.300018342164165,-0.813210834381026,-359.206331167833,0,-0.64873112138037,634154,27716
"1928",NA,-0.939023995452043,0.559741652217573,0.0144411668002813,0.62261673807786,-1.4643840043671,-0.41271079806562,1857.13293977091,0,-0.203001596409271,911014,868394
"1929",NA,0.0296619741742783,0.310980622501825,-0.676417520497499,0.158596378098876,-0.0915685594057483,0.027675461494513,-1286.96333682003,0,-0.728196702879281,511740,190775
"1930",NA,0.72747474947978,-1.10394396335184,-0.0265660771462519,-1.51942790696401,0.0568998131747247,-0.349059994344583,-287.170673453064,0,0.995678559577499,634092,84362
"1931",NA,-1.61856907651251,-0.167064208391597,1.77243772155317,-0.484809952961348,0.334311253138793,-2.09106476748602,136.209283852798,0,0.474410755037133,322581,524800
"1932",NA,-1.70712764668133,0.112227945031406,-0.0879909224640446,-0.0201990965842669,-1.49612171649797,-2.11057097089321,-1064.72864709657,0,0.0766480294312817,250699,341627
"1933",NA,0.0346126190432587,0.470243666486136,0.105291273796827,-1.21735978252805,1.69557291955171,-0.607132885159419,-234.477058569477,0,2.28415856656376,240537,696252
"1934",NA,-0.336079664431545,-0.112987414509799,-0.451432448271276,-0.658594360905568,0.164673882994579,-1.32722791951242,-498.133876329903,0,0.629684124570973,574419,609011
"1935",NA,0.241428168075451,-0.0627368663342747,0.989925097635087,-0.631495929228823,0.347317945399764,-0.291267912598245,-1077.61270707543,0,0.415627543032834,826025,426022
"1936",NA,0.704805766961447,1.11509206867921,-1.71916414341182,0.306621641512979,0.27433618792939,0.507366200972436,-412.074708418089,0,-0.735489207336131,54294,713221
"1937",NA,0.0237553809465707,-0.853617839345456,0.944007105715317,0.437203902782461,-0.968487755574276,1.55715633814326,528.24044586054,0,0.644602741005529,759310,37375
"1938",NA,0.624909489932283,1.5782235689631,1.20802083090378,0.620603375171368,0.735869802466355,-0.543631029301022,927.627685096531,0,-1.22756605361243,585308,352370
"1939",16.8953264960891,1.63667600222473,0.518127278199839,-0.96060470452372,0.85782158550744,1.62083073095426,-1.07676718149925,-1095.18136534811,1,-1.51349375892775,640721,288403
"1940",NA,-0.430319813245871,-0.916972429836262,-1.06126337134263,-1.38342964448119,0.0821046671311788,-1.16554553724763,1409.31043560888,0,-0.473742141457006,475456,299566
"1941",61.3880818527009,-0.730113819011774,1.52862268727113,3.34660151531771,0.355026768196749,-0.272025312009333,1.21310183256585,1197.31213375761,2,0.106884035438018,142442,650146
"1942",41.7234613929633,2.17078225170141,1.81732878884374,-1.12305779176831,0.291508617712369,1.2373875067086,0.625305834078796,118.937630809264,2,0.724379845138011,211175,274873
"1943",NA,-1.14793019448666,-1.1848433770289,-1.91976630764821,-1.64512932811833,1.47080427140386,1.04698843219817,-918.030557784511,0,-0.692705865900886,93749,96029
"1944",NA,-0.0976054331448538,0.564323557973968,-0.78760135471072,-0.876815529792188,-2.41461244125635,1.68310924328125,1293.67342901652,0,-0.459557828574912,288005,488344
"1945",125.636130416463,1.75169996428093,2.68360649213376,0.787986433002081,2.59589836711025,1.39383364172484,3.66760708791315,1606.63958884028,2,1.48109558058408,210157,648740
"1946",NA,-0.307154784624074,0.126942179822635,1.41570302677951,0.291384424367084,-0.152048742220742,0.179687060802559,236.081877073709,0,-0.535681182993394,493187,943182
"1947",NA,0.00357670721582921,0.730979315460994,-0.289230701689737,-0.758464847215828,-1.56517078468344,-0.26275489236998,1363.1888748749,0,0.388075028081953,203664,297252
"1948",7.26998819036515,0.0349730140491205,0.498162730366195,-0.442898373242541,-1.04359623622134,0.985990840691968,0.607888284935549,219.438456918941,1,0.506017817167996,553801,596745
"1949",NA,0.176763378318126,-0.920175291329538,-0.197189493361915,0.959934729139658,0.369492898481642,1.66345195114993,-835.765521738529,0,-0.83298580010527,452539,32343
"1950",NA,0.379229506370197,-0.898146506187007,-0.286089719484795,-0.505850362994397,1.94112915379778,0.576960620128098,643.392015173036,0,-1.51968252642467,645585,762422
"1951",42.8227762615096,0.83878552808406,2.19486885753444,1.32160065426296,0.83854893721114,0.432038934992411,0.130821727773378,1362.34552803611,2,0.0212516827752934,831256,34712
"1952",NA,0.224920537329133,-1.0100719886746,0.602537491496649,0.903983368702121,-0.177486412278105,1.01437911235436,-797.075879652006,0,-0.0765718706887307,303798,453986
"1953",NA,-0.710874509642636,0.883048213686187,-0.076811425437151,0.622971742064415,-0.202111421585335,-0.420797951354273,1007.84098168352,0,0.80649692229707,743722,491685
"1954",NA,-1.328760927462,-0.923147361193139,0.984414731892516,-0.178567745537896,-0.495028512769758,-0.305588396005848,-13.8174939090458,0,0.70259517463218,987053,251893
"1955",NA,0.276215602744612,-1.13940316155208,0.279531677294363,-0.651824441061583,0.0690076717935986,0.682302142999827,693.272029881738,0,-1.59365452226133,360028,534799
"1956",NA,-0.810731127817184,-0.116669030314216,-0.285262635097649,0.371360320018275,-0.666056795520591,-1.14023934773521,99.0689554174863,0,-0.14235926424303,922947,769642
"1957",NA,1.55992389513809,-0.319360727833386,0.483287797069097,0.980475158979887,0.751543191678701,-1.08444304792464,814.239653005309,0,-0.329229020167912,438154,243186
"1958",NA,0.35704088661678,0.0154376110950339,-0.226160940975785,-0.455194842202581,-0.713448647014573,-0.816891460725605,560.709262008021,0,0.0291243979880053,502866,149233
"1959",NA,-0.984188398792222,-0.758441511937088,1.77681850838104,-0.139145097441454,-1.14650583812263,0.626807586193504,-1605.18409415815,0,0.547576176392617,529868,143626
"1960",70.9856090504962,-0.142325791880769,-0.366215266050967,2.158801643451,2.87841553641266,1.85516283121436,1.2460808326862,1119.11637710404,2,0.654000832897678,255799,148699
"1961",NA,-0.484391218549019,-1.49347516270111,0.53744267367721,-1.0333919619314,0.92156547701834,1.10343264210217,841.733331940139,0,1.77067390132878,869776,364696
"1962",NA,2.04060782674396,-0.215458116821443,0.218814781386759,-0.151961340221268,-0.731878481734737,-1.57426266623483,-774.311115431002,0,0.725866872068144,736073,180268
"1963",NA,-0.684076469088714,-0.639412109427918,-2.63434627643943,1.19526810288711,-0.595914149646055,-0.791090100350887,365.958547868704,0,0.157439208542808,590892,110028
"1964",NA,-0.882816845153247,0.538142370744273,-0.135257080003081,-1.56312598101329,-1.10094325286155,0.549698083471838,-760.664510826595,0,1.62115963321669,859315,830517
"1965",10.1359475424753,0.68356231313086,-1.71893446513987,-1.22984815145986,-1.78371999821238,0.404090770692776,1.02167966253204,-1239.67372627517,1,-0.291379870200482,729821,709048
"1966",NA,-0.15104973446198,-0.0220769980879605,1.60524134944931,-0.863199254946693,0.0412787447008756,1.10620232576388,712.962845996579,0,-1.34267779102819,139934,271072
"1967",NA,0.140860971908847,0.84326929513602,0.217098950549298,0.641863497763655,-1.3780346306199,1.03792458531002,631.186955925877,0,-0.314641606578791,938502,656632
"1968",58.0754935105582,1.34386021973657,0.605031222147864,2.23720657350195,-0.0749062952550354,2.01841630609318,1.98619331813559,636.556556650026,2,-1.37857143484215,504514,251512
"1969",NA,-0.734016163553598,-0.737322503426289,-1.57698496019763,0.657662112291859,-1.39547890296883,-0.292460399962307,-2113.22844020628,0,0.442256223925903,280056,196271
"1970",NA,0.619194281180096,0.295863864238776,0.0848203238694015,1.3544446881397,-0.303638728919118,-0.04338709105641,635.974507944729,0,1.37265546580464,647484,638667
"1971",11.5214962878129,-0.983205490210907,0.218389627426306,0.769544751977042,-1.41221245015318,0.430227627274251,-0.312321837918839,1667.11772810151,1,0.155416630245021,997673,132601
"1972",NA,0.0399902417426234,0.562171318025949,-2.04271070165718,0.488391912936092,-0.10380501896453,1.41321279480569,-288.006638830259,0,-0.737388239326043,304220,130221
"1973",NA,0.347626834619082,-0.683494228750437,0.0167183081887262,0.419978331235752,1.92295337517094,0.506505191837887,933.864473704456,0,-0.0257027512350385,835278,291852
"1974",NA,-0.21633938738692,0.38028914599253,-0.469733318141883,-1.82476957602913,0.0952728228789838,-0.460646887551966,352.436736311163,0,-0.0497765511882088,648581,14148
"1975",NA,-0.944074573037942,-0.789680952495776,-0.409161904779547,1.1436435756199,1.19682502548038,-0.118141774381682,-448.096258929813,0,-0.198483089725254,807672,877475
"1976",NA,1.86000429249096,-0.62656131473799,-2.61030391215151,-0.400695572396468,-1.42862840554115,0.188405607220726,734.639675537829,0,0.508560703933475,643569,879742
"1977",NA,1.76299734099925,0.199772029159825,0.415435543140256,0.60492415856774,-0.906680315054662,-1.46407872169298,330.975737881054,0,0.0136835878084964,585785,64547
"1978",6.63254872256962,0.100625739225305,-1.22015066789368,-0.426793613121733,-1.22921614890548,0.248954438435324,0.0284681985210071,-808.566798167224,1,0.465352227311094,556252,853155
"1979",NA,-1.02640288270733,-0.730348081814799,0.555838760763225,1.45076284749438,-0.713791098781728,0.22232286656757,-160.861917914709,0,0.593395321893233,490381,801445
"1980",NA,0.915866818850027,-2.57686858577868,-0.167065862976492,-1.33462210941054,-0.575291106392011,-0.727315123945023,-590.10866316248,0,0.714213210878496,198723,114880
"1981",NA,-0.407670078032984,1.33708880110539,0.133222127574878,0.0605125616731434,-0.0868529583068084,-0.541580004475452,1897.55116539125,0,-0.549741994374203,54680,461604
"1982",NA,-0.19614473344794,1.3028438015418,-0.738037713470816,0.340821759088818,1.869178514496,-1.22182862704907,-1016.79212875636,0,0.79052313870866,343940,911022
"1983",NA,0.133576405025239,-0.111477957811467,0.0555612940815401,0.926003585425359,-0.288223969634846,-0.269043245533049,724.685846456456,0,0.554821622377919,434204,314983
"1984",64.1768139732244,1.90814267225291,-0.0629057855560413,1.76409031907798,1.95293527002156,2.52880632836674,0.2962712224272,328.253485715822,2,1.3768192406632,848870,134169
"1985",NA,0.677714471576559,-0.87842669566352,-0.0949215763703726,-0.275417505476676,0.431122918921444,0.587159880202591,909.123521143508,0,-0.157005717868732,7075,989573
"1986",NA,1.43100110914063,1.57634308565063,1.46719485941964,0.163734377480608,0.505534585025636,-1.0414243985574,-617.33061210433,0,-0.127171074691986,369339,226628
"1987",NA,-0.377452362797548,-0.305809240289214,2.01657436374776,-0.169297097595371,-0.995464568036787,-1.45618194528753,-591.666955272652,0,-0.146076340996982,139772,406764
"1988",NA,0.505022915431994,-0.105145142352186,-0.22539190337783,0.10335817202015,0.159010734023352,0.329070961779393,274.798446423673,0,1.03200278635741,422147,309266
"1989",NA,0.678115145209345,-0.0415166725746906,0.358385523707179,0.0466564251582407,0.183300924493507,-0.142542457245384,669.388578576952,0,-0.39189182140793,155988,992875
"1990",NA,-0.601439640772484,0.0330698177045767,0.251082103967234,0.582093194699857,0.582840497250911,0.908706218030343,1982.23500259688,0,2.16304043671559,65901,88736
"1991",7.12858724610197,-0.0407646867600043,-0.358482449235234,-0.725820980164529,0.115872966761161,-1.11656891537723,0.764661544055319,945.606456152154,1,0.359808837674078,32154,444831
"1992",91.4637309889946,3.13549864437726,0.629272497382173,0.821278020800847,2.06234939518998,2.46308391246877,0.53954374150388,1991.16012439105,2,-1.60009639504085,169523,525198
"1993",21.9060353979435,-0.133461898845146,-1.00763419241279,0.240266238976327,2.20245318029829,2.22973268032499,0.46657517559763,-219.702854379466,1,0.30198863117175,607309,890584
"1994",NA,-0.079075091548973,0.261640037724587,-0.560295319438509,-0.0264135119476244,0.296777370509695,-0.157788943001452,-1165.72640908903,0,0.000265420015617413,141198,804324
"1995",NA,-0.880296341318509,0.0457128453232921,-0.386490400633006,0.233156343189638,-0.452034902054313,0.23269280893903,-971.008266419419,0,0.0750084933337518,589201,57146
"1996",NA,0.277501977044302,-0.234573469876178,-1.24034918276956,-0.0339682420374823,-0.308006674761036,-1.06501298094407,949.325262812,0,-1.39209105638876,572673,428737
"1997",54.1268687301389,1.82755719403442,0.751695998617077,1.00738395416403,1.92312583483561,0.631014578021046,2.34973761580079,173.743495291981,2,-1.04849405030183,251152,212237
"1998",97.5848098698401,1.8091244338257,4.22157404340752,0.878191002425959,-0.927606056017555,0.0159097768771015,1.81581761571138,-619.497350848695,2,-0.959075444639185,822696,301947
"1999",11.6971720979041,-0.999556674260906,-0.551556940414873,0.426701363846824,0.879962649749967,-1.91370521924312,0.68657054002942,1109.36065163363,1,-0.715466902380644,874529,552427
"2000",NA,-0.813631971586052,0.513861320918691,1.8747839120065,-0.498610394823887,1.08463572636151,-1.18706303959363,586.817740484494,0,-0.861521410283706,585409,910550
"2001",NA,1.40906409353548,-0.978044531526922,1.43530982329745,1.05105223255144,-0.474812815338289,-2.35628800533501,530.731135706734,0,0.634425914914821,115990,670463
"2002",NA,-0.235214217749845,1.03647831080747,0.47823291974091,0.382639087837675,-0.558449180933321,-0.744173162948054,641.448491480563,0,-0.91230842864127,153544,268538
"2003",NA,-0.141142953819895,1.00595028076701,-0.274461242495153,-0.328841677380313,2.83087586119798,0.086687635339116,283.508000419032,0,-0.0620945424879055,467918,261608
"2004",11.6041907877429,0.436591434848445,-0.225924667091684,-1.52023822807772,1.0936738897322,0.704526146066538,-1.40107708258061,814.553382777423,1,0.237250040080402,252014,663699
"2005",9.19677221688389,-0.457907797144441,-1.96193542872437,0.164342067426394,-0.28606421790865,-1.81852038340676,0.122677578599649,-661.948995020275,1,-1.81089738287041,218384,926190
"2006",NA,0.730765534789216,-1.64345741860086,0.140188182202266,1.88470993685546,0.440934256702699,-0.738333327932707,2068.43139557473,0,-0.0611124911563492,659621,903852
"2007",NA,0.656296336726262,0.0821141195949011,2.14279527115097,-0.629768128583369,0.515509708377997,1.91295565205352,-263.454257536354,0,-1.32781824426568,324907,178696
"2008",9.02684119268007,0.408350109359618,-0.555807914570457,-1.40331013482085,-0.521005831316947,1.42663270292888,0.346728889586747,-39.8243320854204,1,-0.570047867593159,784631,634080
"2009",NA,0.627208458653301,-0.714119427921865,1.07983020245432,-1.22064197980209,0.190464462877696,0.284771541590644,-198.334540181463,0,1.44532283890646,812461,38937
"2010",87.6461154110881,-0.0997242029128758,1.26598137550868,1.21323215707421,3.47421131482534,0.920064953972821,2.78054304596125,170.057222786718,2,0.28018326871639,986703,248179
"2011",NA,-1.10010361082482,0.893789696675255,1.21292577098679,-0.467554864303294,-0.456346050771387,-1.91880982284838,132.431192530483,0,-0.319456405304856,895690,668547
"2012",NA,-0.916030183416636,-1.1373462865399,1.55092325725552,-3.35535274584077,-0.26166148054952,-0.640206864176405,-59.3334304769992,0,0.735432647098391,827566,306340
"2013",NA,0.207345425622074,-1.0315608312042,1.05557289458536,-0.484609581436028,-0.10140702468505,2.19232680333848,-162.8866156563,0,-0.506449258543794,931389,864035
"2014",NA,0.877109381815178,0.028601387348671,-0.94838728344217,-2.13677292248816,-0.436391751763803,1.82360445102945,89.829894718929,0,-1.91393494011133,564974,741634
"2015",NA,0.743208807689436,-0.0760489586463235,-1.59229323917601,0.84100875271599,-0.0861502952520262,-0.299575672087316,448.841532919607,0,-2.02592032012625,126434,235505
"2016",NA,1.39794419854169,0.390509601420106,-0.272929943141595,0.602753020304357,-0.0914594117198492,0.765703984047473,-1152.35000928215,0,-1.52034884912827,997731,668763
"2017",NA,0.341387074656641,-0.00475172519409915,-1.41958535303492,0.260756438952848,-0.623978195296509,0.351142529746941,-453.914978997653,0,-2.62587988746615,878486,250028
"2018",NA,-0.76171437114735,-0.997353886478709,0.74726824953941,-0.651563544415739,0.690822031945244,-0.223720926773303,2082.78557306127,0,0.03466091535215,146368,465428
"2019",NA,-0.78373873756052,1.49326050151453,1.18558240274413,1.21147262410971,0.559220498756371,-0.123081643466753,574.270396616891,0,1.66222785277176,71524,321219
"2020",NA,-0.288319741095932,1.13714999732007,0.596643604787449,0.46488525218577,-0.909313944604638,2.61975564573575,-965.643558931851,0,-0.292225803080837,56054,351814
"2021",NA,0.0228958373797205,-0.167499281173392,-1.49532723894006,-0.299510662877289,1.46823107702044,0.844155220568961,1354.01653467965,0,1.79649748364772,454851,790301
"2022",NA,-0.402416630734192,-0.371713049946457,-0.144502689364459,-1.024957652843,-0.747532926558297,-0.864702374654816,-1554.67537219003,0,0.23590848295411,422682,435177
"2023",NA,-0.282671740046542,0.961847168805784,0.00592081064138011,-2.16270870010427,-1.13540818313916,-0.997215260975009,-135.59364096444,0,0.921275190749735,197232,17539
"2024",NA,-0.231973640827237,0.23917675046818,-0.0608475821863375,1.2327283828447,0.346688938139764,-1.02828643763281,-1126.24469783487,0,-0.0754108882336122,972889,300576
"2025",NA,0.164215008273164,-0.472379195741132,1.69661036812684,-1.33722281895184,-0.270842177511748,-0.32338353576059,790.249198243454,0,-0.0060494036405769,450143,932423
"2026",NA,1.12889433160309,1.68921746182935,-1.43286276618916,-0.967654944546489,-0.769382743784722,0.58561901850303,1286.31990300852,0,-3.18797244631632,15961,621977
"2027",NA,0.762738530192747,-0.0419830305686832,-1.55891883725847,1.05739985235967,-1.21865593412627,-0.017703316061532,622.835754253945,0,1.39147265783578,949699,628233
"2028",55.9422070811036,0.338183994219607,2.1891495789816,0.177337182549607,1.57719967339632,1.7772618167378,0.963082529608554,1884.08115504727,2,0.332896218870222,873536,175308
"2029",NA,-0.724223920326952,0.303871464381322,0.962516358317239,-1.01771261345046,1.12875873717425,0.262234694991906,705.812832511063,0,-1.07301354272633,143944,132417
"2030",9.60072596904087,0.47924548205796,-0.626543371371259,0.342329315657098,0.397928895402958,-0.155140272726859,1.5553176467832,390.069978012154,1,0.746979613138075,268498,462413
"2031",24.0608226506028,0.729277248591745,0.636748170291122,-0.229607024263614,1.37221472285846,1.19994654167016,0.118929683199599,449.058406055806,2,1.91073219799487,58817,843076
"2032",NA,-0.677297535010195,-2.11968929662138,-0.576565860918361,-0.542995726860758,0.0403356119799966,-0.265100360734509,1813.86021594718,0,-1.15640186151272,154299,515765
"2033",NA,-0.574264199789709,-0.48522376470079,1.04903366592487,0.978035860131264,0.243814372069756,1.41729914147182,-728.324379197777,0,1.07548969658532,167543,866769
"2034",NA,2.56765061549131,0.24002263804572,-0.67983187850337,2.02665869559439,-0.20961087445717,-1.22367481689583,1978.51976969485,0,-3.13994348919971,50870,20192
"2035",NA,0.122774547765667,1.91736345564521,1.01415960063728,-0.165279266502331,-0.925644597979305,-0.0881008326937095,1364.73626950965,0,-1.40798551885503,765762,688592
"2036",11.0256666967769,0.781678080318102,-0.730372030436746,-1.03855909282155,0.883193152058566,0.253570193509592,-1.81064629583086,702.572184802272,1,-0.401188965920779,420283,572341
"2037",14.3250419071667,1.18924946466602,-1.17737887129118,0.871710344163375,0.735400122000825,0.136444780659929,-0.208876339478823,1329.69368786144,1,-0.42026860968473,585512,471687
"2038",NA,1.28297155689692,-0.983266788348215,-1.24869145910047,1.04662491184422,0.24153297505154,-0.855954014300608,502.521750957906,0,-2.04381902609247,613998,878682
"2039",NA,0.665043599268786,-0.615646001013113,-0.452418232724112,-1.36202550794845,0.810890757485482,-0.163134707179366,99.2052526483369,0,0.790211580697309,324607,609521
"2040",NA,1.51337678909015,-1.0681583375321,-0.145501554482993,-0.804543857745822,-1.69294225177327,-0.458535761800764,-810.049171906909,0,-1.00012724671348,119612,747664
"2041",NA,-1.00495695589842,-0.797258908228007,1.23071723774305,0.623065674424622,0.262814131480982,1.83184293493622,430.204135065104,0,-1.46009446899473,595469,814329
"2042",9.99614031757189,0.771017096365341,0.794237614004354,0.246772737509793,-0.194005262238059,1.31353286125259,-1.20696620932264,41.8370583676542,1,-1.31082530287847,865756,149822
"2043",NA,0.000455208617485763,-1.10492293362156,-0.612309215851602,-0.390290569086682,-0.942880489506335,1.15006569279681,323.71904742129,0,-0.439382745538079,643928,517721
"2044",NA,0.880774128177425,1.21014616570716,0.366020635189707,-0.346755462838752,-2.62438465633773,-0.670681785637217,-581.243665480989,0,0.932716100358888,93913,933180
"2045",NA,-0.753992459774141,-0.772284234045445,-0.778086588813312,-0.504525670085732,0.501162778899418,-2.1873456600945,830.660860091104,0,0.793536664564093,889174,142291
"2046",NA,-0.0778465854361008,-0.964812411766813,-0.335798429228377,0.76135505998682,1.35119447930219,0.789301911239259,-1533.87994102976,0,0.0243153126346011,229640,628517
"2047",NA,2.18277144059544,-0.702377944929512,0.618971070360738,1.10355539519432,1.08583827255289,-1.0603367358329,709.597610871077,0,0.0880133590143225,828066,168667
"2048",NA,0.38264700756756,0.70324018690458,3.85965202391326,0.234870074722595,-0.121604226640499,0.696692545114499,-65.1355824904664,0,1.03447817912189,131672,54829
"2049",NA,-0.896902879876847,-1.19912319576136,-1.02253050289524,1.15953638678305,0.914622660139724,0.0885801289727882,-252.292117910204,0,0.944030899324496,955301,559713
"2050",NA,-1.7430860029562,0.784196963634278,0.165992939811483,-0.651779866503346,1.79531650834656,-1.24510291798317,-1063.05214450294,0,1.55114882682426,107930,857098
"2051",NA,-0.39768951158204,0.564201552437835,0.674413543896984,-1.03804622211471,1.93367788904368,0.246661002938839,964.75396526919,0,0.905586186731536,349719,476614
"2052",NA,-0.545863853102522,1.30749216653217,-0.360167495536076,2.18430225995528,0.628216504515179,0.556607991018958,-647.17650876412,0,-0.941412044587328,977919,791367
"2053",NA,-0.577951924257527,0.258367786270443,0.759118884303497,-0.62890930569752,1.33056715146863,1.02864356818727,-1825.8917135609,0,0.182833574245591,198251,996636
"2054",NA,1.91406903507624,-0.656306956042701,-0.492576675117964,-0.113931174695246,2.78324492721707,-0.902582711441725,990.61216914377,0,-1.90514140957899,517061,789744
